Workbook

Sheet IN CONSTRUCTION
A1: STM PATTERN # | B1: DEFAULT PATTERN # | C1: EDIT_TYPE | D1: Pattern Description | E1: Expected Auditing Outcome | F1: Character Count | G1: Revised Date
A2: 1 | B2: 10001 | C2: SINGLE_LINE | D2: PROC denial due to NOT PRESENT DX | E2: Deny PROC code if DX code is not present. | F2: 41 | G2: 45763
A3: 2 | B3: 10002 | C3: SINGLE_LINE | D3: PROC denial due to NOT PRESENT MOD | E3: Deny PROC code if MOD is not present. | F3: 37 | G3: 45763
A4: 3 | B4: 10003 | C4: SINGLE_LINE | D4: PROC denial due to NOT PRESENT REV (OUTPAT_FAC) | E4: Deny PROC code if revenue code is not present. | F4: 46 | G4: 45763
A5: 4 | B5: 10004 | C5: SINGLE_LINE | D5: PROC denial due to NOT PRESENT POS | E5: Deny PROC code if POS is not present. | F5: 37 | G5: 45763
A6: 5 | B6: 10005 | C6: SINGLE_LINE | D6: PROC denial due to PRESENT AGE | E6: Deny if patient age is met. | F6: 27 | G6: 45763
A7: 6 | B7: 10006 | C7: SINGLE_LINE | D7: PROC denial due to NOT PRESENT DX and-or NOT PRESENT MOD | E7: Deny if DX code is not present and MOD is not present. | F7: 54 | G7: 45763
A8: 7 | B8: 10007 | C8: WITH_SUPPORT | D8: PROC denial due to PRESENT OTHER PROC (2-KEY D-S; SAME DOS; XPROV) | E8: Deny PROC code if present on the same DOS as the support code by any PROV. | F8: 75 | G8: 45763
A9: 8 | B9: 10008 | C9: SINGLE_LINE | D9: PROC denial due to PRESENT NON-COVERED PROC | E9: Deny PROC code when present. | F9: 28 | G9: 45763
A10: 9 | B10: 10009 | C10: SINGLE_LINE | D10: PROC denial due to NOT PRESENT DX and-or NOT PRESENT REV (OUTPAT_FAC) | E10: Deny PROC code if DX code is not present and the revenue code is not present. | F10: 77 | G10: 45763
A11: 10 | B11: 10010 | C11: WITHOUT_SUPPORT | D11: PROC denial due to NOT PRESENT OTHER PROC (1-KEY D-S; SAME DOS; XPROV) | E11: Deny PROC code if support code is not present on the same DOS by any PROV. | F11: 74 | G11: 45763
A12: 11 | B12: 10011 | C12: SINGLE_LINE | D12: PROC denial due to PRESENT DX | E12: Deny PROC code if DX code is present. | F12: 37 | G12: 0
A13: 12 | B13: 10012 | C13: SINGLE_LINE | D13: PROC denial due to PRESENT POS | E13: Deny PROC code if POS is present. | F13: 33 | G13: 45763
... A97: 96 | B97: 10096 | C97: FREQ | D97: INDIVIDUAL PROC denial due to FREQ with DENY LINE EXCL MOD- Line Quantity (SAME DOS; XPROV)(QTY=1 and ADD LINE=N) | E97: Deny if individual PROC code if qty exceeds the 1 per day limit by any PROV and the MOD is not present on the deny line. | F97: 121 | G97: 45763
A98: 97 | B98: 10097 | C98: FREQ | D98: 0 | E98: Deny individual PROC code if qty exceeds the max allowed limit within the given days range (including same DOS) by any PROV and MOD is present on current and support . | F98: 167 | G98: 45763
A99: 98 | B99: 10098 | C99: FREQ | D99: INDIVIDUAL PROC denial due to FREQ with D-S INCL MOD - Line_Quantity (SAME DOS; XPROV) (QTY=1 and ADD LINE=N) | E99: Deny individual PROC code if qty exceeds 1 per day limit by any PROV and MOD is present on current and support . | F99: 114 | G99: 45763
A100: 99 | B100: 10099 | C100: SINGLE_LINE | D100: PROC denial due to NOT PRESENT POS and/or NOT PRESENT GENDER | E100: Deny PROC code if POS and gender are not present. | F100: 50 | G100: 45763
A101: 100 | B101: 10100 | C101: SINGLE_LINE | D101: PROC denial due to NOT PRESENT POS with INCL AGE | E101: Deny PROC code when member age is met and POS is not present. | F101: 62 | G101: 45763
A102: 101 | B102: 10101 | C102: SINGLE_LINE | D102: PROC denial due to NOT PRESENT POS with INCL MOD | E102: Deny PROC code when MOD is present and POS is not present. | F102: 59 | G102: 45763
A103: 102 | B103: 10102 | C103: WITH_SUPPORT | D103: PROC denial due to PRESENT OTHER PROC (1-KEY D-S; DAYS RANGE; INCL SAME DOS, SAME PROV_FTIN) | E103: Deny PROC code if present within a given days range as the support code, by the same FTIN. | F103: 91 | G103: 0
A104: 103 | B104: 10103 | C104: FREQ | D104: PROC GROUP denial due to FREQ - Line Quantity (DAYS_RANGE, INCL SAME DOS; SAME PROV_FTIN)(QTY=1 and ADD LINE=N) | E104: Deny the PROC codes in the same subgroup, in any combination, when qty exceeds the max allowed limit within the days range (including the same DOS) by PROV with the same FTIN. | F104: 176 | G104: 0
A105: 104 | B105: 10104 | C105: SINGLE_LINE | D105: PROC denial due to INCL PRESENT POS and NOT PRESENT MODIFIER | E105: Deny PROC code when POS is present and MOD is not present. | F105: 59 | G105: 45763
A106: 105 | B106: 10105 | C106: WITHOUT_SUPPORT | D106: PROC denial due to NOT PRESENT OTHER PROC (1-KEY D-S; SAME DOS; XPROV) with INCL AGE | E106: Deny PROC code when the support code is not present on the same DOS by any PROV and member age is met. | F106: 102 | G106: 45763
A107: 106 | B107: 10106 | C107: SINGLE_LINE | D107: PROC denial due to Line_Quantity Less Than 2 or NULL | E107: Deny PROC code when the line QTY is less than 2 or is NULL. | F107: 60 | G107: 0
A108: 107 | B108: 10107 | C108: FREQ | D108: PROC GROUP denial due to FREQ - Line Quantity (DAYS_RANGE INCL SAME DOS; SAME PROV)(QTY > 1 and ADD LINE=N | E108: Deny the PROC codes in the same subgroup, in any combination, when QTY exceeds the maximum allowed within the days range (including the same DOS) by the same PROV. | F108: 164 | G108: 0
A109: 108 | B109: 10108 | C109: FREQ | D109: INDIVIDUAL PROC denial due to FREQ - Line Quantity (DAYS_RANGE; INCL SAME DOS; SAME PROV)(QTY of 1 and ADDLINE=N | E109: Deny if individual PROC code QTY exceeds the maximum allowed within the days range (including the same DOS) by the same PROV. | F109: 126 | G109: 0
A110: 109 | B110: 10109 | C110: SINGLE_LINE | D110: PROC denial due to PRESENT MOD, OR LineQuantity>1 | E110: Deny PROC code when MOD is present or when line QTY is greater than 1. | F110: 71 | G110: 0
... A173: 172 | B173: 10172 | C173: FREQ | D173: INDIVIDUAL PROC denial due to FREQ with D-S EXCL MOD- Line Quantity (SAME DOS; SAME FTIN)(QTY>1 and ADD LINE=N) | E173: Deny individual PROC code if QTY exceeds allowed amount on the same DOS by the same PROV FTIN with MOD in the category not present on both deny and support . | F173: 157 | G173: 0
A174: 173 | B174: 10173 | C174: WITH_SUPPORT | D174: PROC denial due to OTHER PRESENT PROC with INCL AGE, INCL DENY POS, INCL SUPPORT PROV SPEC, EXCL SUPPORT POS (1-KEY D-S; SAME DOS, XPROV) | E174: Deny PROC code if support code is present on same DOS by any PROV when the member age is met, POS present on deny line, PROVSPEC present on support line, and POS code not present on support line. | F174: 195 | G174: TRIM TO 200 CHARACTERS
A175: 174 | B175: 10174 | C175: SINGLE_LINE | D175: PROC denial due to NOT PRESENT REV with INCL BILL TYPE | E175: Deny PROC code when bill type is present and correct revenue code is not present. | F175: 81 | G175: 0
A176: 175 | B176: 10175 | C176: SINGLE_LINE | D176: PROC denial due to NOT PRESENT BILL TYPE and-or NOT PRESENT REV | E176: Deny PROC code when correct bill type and revenue code is not present | F176: 69 | G176: 0
A177: 176 | B177: 10176 | C177: SINGLE_LINE | D177: PROC denial due to PRESENT DX and PRESENT MOD | E177: Deny PROC code if DX and MOD is present. | F177: 40 | G177: 0
A178: 177 | B178: 10177 | C178: SINGLE_LINE | D178: PROC denial due to PRESENT AGE, PRESENT MOD, and PRESENT POS | E178: Deny PROC when member age is met, with MOD and POS is present | F178: 61 | G178: 0
A179: 178 | B179: 10178 | C179: SINGLE_LINE | D179: PROC denial due to PRESENT AGE with INCL POS | E179: Deny PROC code when POS is present and member age is met. | F179: 57 | G179: 0
A180: 179 | B180: 10179 | C180: FREQ | D180: PROC GROUP denial due to FREQ - Line Quantity (SAME DOS; SAME PROV) (QTY>1 and ADD LINE=N) | E180: Deny the PROC codes in the same subgroup, in anycombination, when the QTY exceeds the maximum allowed in the same DOS by the same PROV. | F180: 135 | G180: 0
A181: 180 | B181: 10180 | C181: WITHOUT_SUPPORT | D181: PROC denial due to NOT PRESENT OTHER PROC (2-KEY D-S; DAYS; INCL SAME DOS, XPROV) | E181: Deny PROC code if support PROC code is not present within the same DOS by any provider. | F181: 88 | G181: 46000
A182: 181 | B182: 10181 | C182: SINGLE_LINE | D182: PROC denial due to NOT PRESENT MOD with INCL MOD | E182: Deny PROC code when MOD is present and a different MOD is not present | F182: 69 | G182: 0
A183: 182 | B183: 10182 | C183: SINGLE_LINE | D183: PROC denial due to AGE with INCL GENDER | E183: Deny PROC code when member age is met and gender is present | F183: 59 | G183: 0
A184: 183 | B184: 10183 | C184: SINGLE_LINE | D184: PROV SPEC denial due to PRESENT AGE | E184: Deny PROV SPEC when member age is met | F184: 37 | G184: 0
A185: 184 | B185: 10184 | C185: FREQ | D185: INDIVIDUAL PROC denial due to FREQ - Line Quantity with INCL AGE and INCL GENDER (DAYS_RANGE; INCL SAME DOS; XPROV)(QTY=1 and ADD LINE=N) | E185: Deny PROC code if QTY exceeds the max allowed limit in a given days range (incuding the same DOS) by any provider, with patient's gender present and age is met. | F185: 161 | G185: 0
A186: 185 | B186: 10185 | C186: WITHOUT_SUPPORT | D186: INDIVIDUAL PROC denial due to FREQ - Line Quantity with INCL AGE and INCL GENDER (DAYS_RANGE; INCL SAME DOS; XPROV)(QTY=1 and ADD LINE=N) | E186: Deny PROC code if support code is not present in the same DOS by any PROV with POS code in the present on both deny and support . | F186: 131 | G186: 0
... A192: 191 | B192: 10191 | C192: FREQ | D192: INDIVIDUAL PROC denial due to FREQ - Line Quantity with D-S INCL POS, D-S INCL PROV SPEC (SAME DOS;XPROV) (QTY=1 and ADD LINE=N) | E192: Deny individual PROC code if QTY exceeds allowed amount on the same DOS by any PROV with POS code and PROV SPEC code in respective categories present on both deny and support . | F192: 176 | G192: 45770
A193: 192 | B193: 10192 | C193: FREQ | D193: PROC GROUP denial due to FREQ with D-S INCL POS, D-S INCL PROV SPEC - Line Quantity (SAME DOS; XPROV)(QTY>1 and ADD LINE=N) | E193: Deny the PROC codes in the same subgroup, in anycombination, when the QTY exceeds the maximum allowed in the same DOS by any PROV with POS code and PROV SPEC code in respective categories present on both deny and support . | F193: 222 | G193: TRIM TO 200 CHARACTERS
A194: 193 | B194: 10193 | C194: FREQ | D194: PROC GROUP denial due to FREQ with D-S INCL POS, D-S INCL PROV SPEC - Line Quantity (SAME DOS; XPROV)(QTY=1 and ADD LINE=N) | E194: Deny the PROC codes in the same subgroup, in anycombination, when the QTY exceeds the maximum allowed in the same DOS by any PROV with POS code and PROV SPEC code in respective categories present on both deny and support . | F194: 222 | G194: TRIM TO 200 CHARACTERS
A195: 194 | B195: 10194 | C195: SINGLE_LINE | D195: PROC denial due to PRESENT PROV SPEC with INCL MOD or INCL POS | E195: Deny PROC code when MOD, POS and PROV SPEC are present | F195: 55 | G195: 0
A196: 195 | B196: 10195 | C196: SINGLE_LINE | D196: PROC denial due to NOT PRESENT PROV SPEC with INCL AGE | E196: Deny PROC code when member age is present and PROV SPEC is not present | F196: 70 | G196: 0
A197: 196 | B197: 10196 | C197: WITH_SUPPORT | D197: PROC denial due to PRESENT OTHER PROC with DENY MOD EXCL (1-KEY D-S; DAYS; INCL SAME DOS; XPROV) | E197: Deny PROC code if support code is present in given days (including the same DOS) by any PROV with MOD in the category not present on deny line. | F197: 143 | G197: 0
A198: 197 | B198: 10197 | C198: FREQ | D198: PROC GROUP denial due to FREQ with D-S INCL PROV SPEC - Line Quantity (SAME DOS; XPROV)(QTY=1 and ADD LINE=N) | E198: Deny the PROC codes in the same subgroup, in anycombination, when the QTY exceeds the MAX allowed in the same DOS by any PROV with PROV SPEC code in the category present on both deny and support . | F198: 196 | G198: TRIM TO 200 CHARACTERS
A199: 198 | B199: 10198 | C199: SINGLE_LINE | D199: PROC denial due to PRESENT PROV SPEC with INCL POS | E199: Deny PROC code when POS and PROV SPEC are present | F199: 49 | G199: 0
A200: 199 | B200: 10199 | C200: WITH_SUPPORT | D200: PROC denial due to PRESENT OTHER PROC (1-KEY D-S; SAME DOS; XPROV) (ALL_FAC) | E200: Deny PROC code if support code is present in the same DOS by any PROV. | F200: 70 | G200: 0
A201: 200 | B201: 10200 | C201: FREQ | D201: PROC GROUP denial due to FREQ - Line Quantity (SAME DOS; XPROV)(QTY=1 and ADD LINE=N) | E201: Deny the PROC codes in the same subgroup, in anycombination, when the QTY exceeds the maximum allowed in the same DOS by any PROV. | F201: 130 | G201: 0
A202: 201 | B202: 10201 | C202: FREQ | D202: INDIVIDUAL PROC denial due to FREQ - Line_Quantity accumulation with D-S INCL PROV SPEC (DAYS_RANGE; INCL SAME DOS; XPROV; QTY>1) | E202: 0 | F202: 1 | G202: 0
A203: 202 | B203: 10202 | C203: WITH_SUPPORT | D203: PROC denial due to OTHER PRESENT PROC with DENY line EXCL MOD (1-KEY, SAME DAY; XPROV) | E203: Deny PROC code if support code is present in the same DOS by any PROV with MOD in the category not present on deny line. | F203: 120 | G203: 0
A204: 203 | B204: 10203 | C204: FREQ | D204: PROC GROUP denial due to FREQ with D-S EXCL POS - Line Quantity (SAME DOS;SAME PROV)(QTY=1 and ADD LINE=N) | E204: Deny the PROC codes in the same subgroup, in anycombination, when the QTY exceeds the MAX allowed in the same DOS by the same PROV with POS code in the category not present on both deny and support . | F204: 199 | G204: TRIM TO 200 CHARACTERS
A205: 204 | B205: 10204 | C205: WITH_SUPPORT | D205: PROC denial due to OTHER PRESENT PROC with INCL AGE, INCL DENY POS, EXCL SUPPORT POS (1-KEY D-S; SAME DOS, XPROV) | E205: Deny PROC code if support code is present in the same DOS by any PROV with POS code in the category present on deny line and not present on support line, and the member age is met. | F205: 180 | G205: 45772
A206: 205 | B206: 10205 | C206: FREQ | D206: INDIVIDUAL PROC denial due to FREQ with INCL D-S MOD - Line Quantity (CALENDAR_YEAR; INCL SAME DOS; XPROV)(QTY>1 and ADD LINE=N) | E206: 0 | F206: 1 | G206: 0
A207: 206 | B207: 10206 | C207: FREQ | D207: INDIVIDUAL PROC denial due to FREQ - Line Quantity (SAME DOS; XPROV)(QTY=1 and ADD LINE=N) | E207: Deny individual PROC code if QTY exceeds allowed amount on the same DOS by any PROV. | F207: 84 | G207: 0
A208: 207 | B208: 10207 | C208: FREQ | D208: INDIV PROC denial due to FREQ - Line_Quantity accumulation (SAME DOS; PROV_FTIN) (QTY>1 ADDLINE=N) (ALL_FAC) | E208: Deny individual PROC code if QTY exceeds allowed amount on the same DOS by the same PROV FTIN. | F208: 94 | G208: 0
A209: 208 | B209: 10208 | C209: FREQ | D209: PROC GROUP denial due to FREQ with - Line_Quantity accumulation (DAYS_RANGE; INCL SAME DOS; FTIN_ANY_SPEC)(QTY=1 and ADD LINE=N) | E209: Deny the PROC codes in the same subgroup when the QTY exceeds the maximum allowed in a given days range (including the same DOS) by any PROV with similar FTIN. | F209: 159 | G209: 45770
A210: 209 | B210: 10209 | C210: FREQ | D210: PROC GROUP denial due to FREQ with D-S INCL DIAG - Line_Quantity accumulation (DAYS_RANGE; INCL SAME DOS; XPROV)(QTY=1 and ADD LINE=N) | E210: Deny the PROC codes in the same subgroup, in any combination, when the QTY exceeds the MAX allowed in a given days range (including the same DOS) by any PROV with DX code present on deny and support . | F210: 201 | G210: TRIM TO 200 CHARACTERS
A211: 210 | B211: 10210 | C211: FREQ | D211: PROC GROUP denial due to FREQ - Line Quantity (SAME DOS; XPROV)(QTY=1 and ADD LINE=N)(ALL CLAIM TYPES) | E211: Deny the PROC codes in the same subgroup, in anycombination, when the QTY exceeds the maximum allowed in the same DOS by any PROV. | F211: 130 | G211: 0
A212: 211 | B212: 10211 | C212: FREQ | D212: INDIVIDUAL PROC denial due to FREQ - Line Quantity (CALENDAR_YEAR; INCL SAME DOS; XPROV)(QTY>1 and ADD LINE=N)(ALL_FAC) | E212: 0 | F212: 1 | G212: 0
A213: 212 | B213: 10212 | C213: SINGLE_LINE | D213: PROC denial due to PRESENT BILL TYPE (ALL_FAC) | E213: Deny PROC code when bill type is present | F213: 40 | G213: 0
A214: 213 | B214: 10213 | C214: SINGLE_LINE | D214: PROC denial due to NOT PRESENT DX1, and-or NOT PRESENT DX2 | E214: Deny PROC code when a DX is not present and a different DX is not present as well. | F214: 82 | G214: 0
A215: 214 | B215: 10214 | C215: FREQ | D215: PROC GROUP denial due to FREQ - Line Quantity (CALENDAR_YEAR; INCL SAME DOS; XPROV)(QTY>1 and ADD LINE=N) | E215: Deny the PROC codes in the same subgroup, in any combination, when the QTY exceeds the maximum allowed in a calendar year (including the same DOS) by any PROV. | F215: 159 | G215: 0
A216: 215 | B216: 10215 | C216: SINGLE_LINE | D216: PROC denial due to NOT PRESENT DX with INCL AGE | E216: Deny procedure code when member age is met and DXnosis code is not present | F216: 74 | G216: 0
A217: 216 | B217: 10216 | C217: SINGLE_LINE | D217: PROC denial due to NOT PRESENT DX | E217: Deny PROC code when DX code is not present. | F217: 43 | G217: 0
A218: 217 | B218: 10217 | C218: FREQ | D218: PROC GROUP denial due to FREQ - Line Quantity (DAYS_RANGE, INCL SAME DOS, XPROV) (QTY=1 and ADD LINE=N) | E218: Deny the PROC codes in the same subgroup, in anycombination, when the QTY exceeds the maximum allowed in a given days range (including the same DOS) by any PROV. | F218: 161 | G218: 0
A219: 218 | B219: 10218 | C219: WITH_SUPPORT | D219: PROC denial due to PRESENT OTHER PROC (1-KEY D-S; SAME DOS; SAME PROV) | E219: Deny PROC code if support code is present in the same DOS by the same PROV. | F219: 75 | G219: 0
A220: 219 | B220: 10219 | C220: SINGLE_LINE | D220: PROC denial due to PRESENT MOD and INCL AGE | E220: Deny PROC code if member age is met and MOD in the category is present. | F220: 71 | G220: 0
A221: 220 | B221: 10220 | C221: SINGLE_LINE | D221: PROC denial due to PRESENT DX with INCL MOD and INCL AGE | E221: Deny PROC code if DX code is present with modifer in the category present and member age is met. | F221: 97 | G221: 0
A222: 221 | B222: 10221 | C222: FREQ | D222: PROC GROUP denial due to FREQ with D-S INCL POS - Line Quantity (SAME DOS;SAME PROV)(QTY=1 and ADD LINE=N) | E222: Deny the PROC codes in the same subgroup, in any combination, when the QTY exceeds the MAX allowed in the same DOS by the same PROV with POS code present on both deny and support . | F222: 181 | G222: 45770
A223: 222 | B223: 10222 | C223: FREQ | D223: INDIVIDUAL PROC denial due to FREQ with DENY MOD EXCL - Line Quantity (SAME DOS; SAME BPROV_FTIN)(QTY=1 and ADD LINE=N) | E223: Deny individual PROC code if QTY exceeds allowed amount on the same DOS by PROV FTIN with MOD in the category not present on deny line. | F223: 135 | G223: 0
A224: 223 | B224: 10223 | C224: WITH_SUPPORT | D224: PROC denial due to PRESENT OTHER PROC with DENY MOD EXCL (1-KEY D-S; SAME DOS; SAME BILLING_NPI) | E224: Deny PROC code if support code is present in the same DOS by the same billing PROV NPI with MOD in the category not present on deny line. | F224: 137 | G224: 0
A225: 224 | B225: 10224 | C225: WITH_SUPPORT | D225: PROC denial due to PRESENT OTHER PROC (1-KEY D-S; SAME DOS; SAME BILLING_NPI) | E225: Deny PROC code if support code is present in the same DOS by the same billing PROV NPI. | F225: 87 | G225: 0
A226: 225 | B226: 10225 | C226: FREQ | D226: INDIVIDUAL PROC denial due to FREQ - Line Quantity (DAYS_RANGE; INCL SAME DOS; SAME BILLING_NPI)(QTY>1 and ADD LINE=N) | E226: 0 | F226: 1 | G226: 0
A227: 226 | B227: 10226 | C227: SINGLE_LINE | D227: PROC denial due to PRESENT MOD | E227: Deny PROC code if MOD is present. | F227: 33 | G227: 0
A228: 227 | B228: 10227 | C228: FREQ | D228: PROC GROUP denial due to FREQ - Line Quantity (DAYS_RANGE; INCL SAME DOS; XPROV)(QTY=1 and ADD LINE=N) | E228: Deny the PROC codes in the same subgroup, in any combination, when the QTY exceeds the maximum allowed in a given days range (including the same DOS) by any PROV. | F228: 162 | G228: 0
A229: 228 | B229: 10228 | C229: FREQ | D229: INDIVIDUAL PROC denial due to FREQ - Line Quantity (DAYS_RANGE; INCL SAME DOS; XPROV)(QTY>1 and ADD LINE=N) | E229: 0 | F229: 1 | G229: 0
A230: 229 | B230: 10229 | C230: WITH_SUPPORT | D230: PROC denial due to PRESENT OTHER PROC with DENY INCL MOD1 and SUPPORT INCL MOD2 (2-KEY D-S;SAME DOS;XPROV) | E230: Deny PROC code if support code is present in the same DOS by any PROV with MOD in the category present on deny line and MOD in another category present on support line. | F230: 168 | G230: 0
A231: 230 | B231: 10230 | C231: SINGLE_LINE | D231: PROC denial due to not present MOD1, and/or MOD2, and/or MOD3 | E231: Deny PROC code if a MOD and/or a different MOD are not present. | F231: 63 | G231: 0
A232: 231 | B232: 10231 | C232: FREQ | D232: PROC GROUP denial with INCL AGE due to FREQ - Line Quantity (DAYS_RANGE; INCL SAME DOS; XPROV (QTY >1 and ADD LINE=N) | E232: Deny the PROC codes in the same subgroup, in any combination, when the QTY exceeds the MAX allowed in a given days range (including the same DOS) by any PROV and the member age is met. | F232: 184 | G232: 45770
A233: 232 | B233: 10232 | C233: FREQ | D233: INDIVIDUAL PROC denial due to FREQ - Line Quantity (SAME DOS; SAME PROV) (QTY>1 and ADD LINE=N) | E233: Deny individual PROC code if QTY exceeds allowed amount on the same DOS by the same PROV. | F233: 89 | G233: 0
A234: 233 | B234: 10233 | C234: FREQ | D234: PROC GROUP denial with INCL AGE due to FREQ - Line Quantity (SAME DOS; XPROV (QTY =1 and ADD LINE=N) | E234: Deny the PROC codes in the same subgroup, in any combination, when the QTY exceeds the maximum allowed in the same DOS by any PROV and the member age is met. | F234: 157 | G234: 0
A235: 234 | B235: 10234 | C235: FREQ | D235: INDIVIDUAL PROC denial due to FREQ - Line Quantity (DAYS_RANGE; INCL SAME DOS; XPROV) (QTY>1 and ADD LINE = N) with INCL AGE | E235: Deny if PROC code qty exceeds the max allowed limit within the given days range (including the same DOS) by any PROV and the member age is met. | F235: 143 | G235: 0
A236: 235 | B236: 10235 | C236: WITH_SUPPORT | D236: PROC denial due to PRESENT OTHER PROC with INCL AGE (1-KEY D-S; SAME DOS; XPROV) | E236: Deny PROC code if support code is present in the same DOS by any PROV and the member age is met. | F236: 96 | G236: 0
A237: 236 | B237: 10236 | C237: FREQ | D237: PROC GROUP denial due to FREQ with D-S INCL MOD - Line Quantity (CALENDAR_YEAR; INCL SAME DOS; XPROV)(QTY>1 and ADD LINE=N) | E237: Deny the PROC codes in the same subgroup, in any combination, when the QTY exceeds the MAX allowed in a calendar year (including the same DOS) by any PROV with MOD in the category present on both deny and support . | F237: 214 | G237: TRIM TO 200 CHARACTERS
A238: 237 | B238: 10237 | C238: FREQ | D238: PROC GROUP denial due to FREQ with D-S INCL MOD - Line Quantity (SAME DOS; XPROV)(QTY=1 and ADD LINE=N) | E238: Deny the PROC codes in the same subgroup, in any combination, when the QTY exceeds the MAX allowed on the same DOS by any PROV with MOD in the category present on both deny and support . | F238: 186 | G238: 45770
A239: 238 | B239: 10238 | C239: FREQ | D239: INDIVIDUAL PROC denial due to FREQ with INCL REV - Line Quantity (SAME DOS; PROV_ID)(QTY=1 and ADD LINE=N) | E239: Deny individual PROC code if QTY exceeds allowed amount on the same DOS by the same PROV ID with revenue code in the category present on both deny and support . | F239: 160 | G239: 0
A240: 239 | B240: 10239 | C240: SINGLE_LINE | D240: PROC denial due to NOT PRESENT REV | E240: Deny PROC code if revenue code is not present. | F240: 46 | G240: 0
A241: 240 | B241: 10240 | C241: WITH_SUPPORT | D241: PROC denial due to PRESENT OTHER PROC with DENY LINE MOD INCL and SUPPORT MOD EXCL (1-KEY D-S;SAME DOS; XPROV) | E241: Deny PROC code if support code is present in the same DOS by any PROV with MOD in a category present on deny line and not present on support line. | F241: 146 | G241: 0
A242: 241 | B242: 10241 | C242: SINGLE_LINE | D242: PROC denial due to NOT PRESENT PROV SPEC with INCL POS | E242: Deny PROC code with POS in the category present if PROV SPEC is not present. | F242: 76 | G242: 0
A243: 242 | B243: 10242 | C243: SINGLE_LINE | D243: PROC denial due to NOT PRESENT Prov Spec and NOT PRESENT MOD with INCL POS | E243: Deny PROC code with POS in the category present if MOD and PROV SPEC is not present. | F243: 84 | G243: 0
A244: 243 | B244: 10243 | C244: SINGLE_LINE | D244: PROC denial due to Line_Quantity >1 | E244: Deny PROC code if the line QTY is greater then 1. | F244: 49 | G244: 0
A245: 244 | B245: 10244 | C245: FREQ | D245: INDIVIDUAL PROC denial due to FREQ - Line Quantity with D-S INCL POS, and D-S EXCL MOD (SAME DOS;XPROV) (QTY=1 and ADD LINE=N) | F245: 15 | G245: TRIM TO 200 CHARACTERS
A246: 245 | B246: 10245 | C246: WITHOUT_SUPPORT | D246: PROC denial due to NOT PRESENT OTHER PROC with SUPPORT INCL POS (1-KEY D-S; SAME DOS; XPROV) | E246: Deny PROC code if support code is not present in the same DOS by any PROV with POS code in a present on support line. | F246: 119 | G246: 0
A247: 246 | B247: 10246 | C247: WITHOUT_SUPPORT | D247: PROC denial due to NOT PRESENT OTHER PROC with SUPPORT INCL REV (1-KEY D-S, SAME DOS, XPROV) | E247: Deny PROC code if support code is not present in the same DOS by any PROV with revenue code in a present on support line. | F247: 123 | G247: 0
A248: 247 | B248: 10247 | C248: WITH_SUPPORT | D248: PROC denial due to PRESENT OTHER PROC with D-S EXCL BILL TYPE (1-KEY D-S, SAME DOS, XPROV) | E248: Deny PROC code if support code is present in the same DOS by any PROV with bill type code in a category not present on both deny and support . | F248: 142 | G248: 0
A249: 248 | B249: 10248 | C249: FREQ | D249: INDIVIDUAL PROC denial due to FREQ with D-S EXCL DIAG (DAYS_RANGE, INCL SAME DOS; XPROV)(QTY>1 and ADD LINE=N) | E249: Deny individual PROC code if QTY exceeds allowed amount in a given days range (including the same DOS) by any PROV and DX is not present on both deny and support . | F249: 163 | G249: 0
A250: 249 | B250: 10249 | C250: SINGLE_LINE | D250: PROC denial due to PRESENT AGE (OUTPAT_FAC) | E250: Deny PROC code if member age is present. | F250: 40 | G250: 0
...

Sheet Master Pattern Key
A1: Team Impacted | B1: Indications | C1: Status
A2: STM | B2: All DX Codes are built with ANYDXCODES unless otherwise specified in the Pattern Description | C2: In effect
A3: DEFAULT | B3: The 50,000+ Pattern Series is to only be used by the DEFAULT/CI Team because they contain development criteria that is unique to this team such as Data Fields (Member State), Unique Keywords, and ADDLINE=Y | C3: In effect
A4: DEFAULT | B4: The 10,000+ Series is a 1:1 of a pattern (with exception of COMMON_INCLUSION) that can also be used by the STM team. | C4: In effect
A5: DEFAULT | B5: All DEFAULT patterns are created without COMMON_INCLUSION | C5: In effect
A6: DEFAULT & STM | B6: • Patterns highlighted in blue can continue to be used by the STM team. • Default Team should not be using these patterns as they still contain the COMMON_CRITERIA. | C6: In effect

Sheet Master Sheet
A1: Pattern | B1: Default Pattern | C1: Minimum PMM Version | D1: STATE | E1: Edit Type | F1: POLICY_NAME | G1: Pattern Description | H1: QRULES | I1: CLAIM_TYPE | J1: FREQ INDIV/GRP | K1: FREQ POLICY/PROC | L1: DATE SPAN | M1: SAME DAY FLAG | N1: QTY | O1: ADD LINE | P1: PROV MATCH | Q1: DX | R1: PROV TYPE | S1: MOD | T1: POS | U1: REV | V1: BILL TYPE | W1: PROV SPEC | X1: AGE | Y1: CONDITION CODE | Z1: GENDER | AA1: Admission Type | AB1: Present On Admission Indicator | AC1: NUBC (Value Code) | AD1: TOS | AE1: ECI | AF1: Billed Amount | AG1: ICD10 Proc | AH1: OCCURRENCE CODE | AI1: Taxonomy Code | AJ1: AUTH NUMBER | AK1: DISCHARGE STATUS | AL1: Member State
A2: 1 | B2: DO NOT USE | C2: 1.00 | D2: CA | E2: SINGLE_LINE | F2: DEF_CA_EYE_V2599 | G2: PROC denial due to NOT PRESENT DX | I2: PROF | J2: N/A | K2: N/A | L2: N/A | M2: N/A | N2: N/A | O2: N/A | P2: N/A | Q2: Y
A3: 2 | B3: =SUM(A3+10000) -> 10002 | C3: 1.00 | D3: NY | E3: SINGLE_LINE | F3: DEF_NY_DME_MOD | G3: PROC denial due to NOT PRESENT MOD | H3: QRULES-44349 | I3: PROF | J3: N/A | K3: N/A | L3: N/A | M3: N/A | N3: N/A | O3: N/A | P3: N/A | S3: Y
A4: 3 | B4: =SUM(A4+10000) -> 10003 | C4: 1.00 | D4: TX | E4: SINGLE_LINE | F4: DEF_TX_FETAL_NONSTRESS | G4: PROC denial due to NOT PRESENT REV (OUTPAT_FAC) | H4: QRULES-44350 | I4: OUTPAT_FAC | J4: N/A | K4: N/A | L4: N/A | M4: N/A | N4: N/A | O4: N/A | U4: Y
A5: 4 | B5: =SUM(A5+10000) -> 10004 | C5: 1.00 | D5: TX | E5: SINGLE_LINE | F5: DEF_TX_BIRTH_CRT_POS | G5: PROC denial due to NOT PRESENT POS or NULL POS | H5: QRULES-44351 | I5: PROF | J5: N/A | K5: N/A | L5: N/A | M5: N/A | N5: N/A | O5: N/A | T5: Y
A6: 5 | B6: 10005 | C6: 1.00 | D6: NY | E6: SINGLE_LINE | F6: DEF_NY_SURG_AGE1 | G6: PROC denial due to PRESENT AGE | H6: QRULES-44352 | I6: PROF | J6: N/A | K6: N/A | L6: N/A | M6: N/A | N6: N/A | O6: N/A | X6: Y
A7: 6 | B7: DO NOT USE | C7: 1.00 | D7: TX | E7: SINGLE_LINE | F7: DEF_TX_BP_DEVICE | G7: PROC denial due to NOT PRESENT DX and-or NOT PRESENT MOD | H7: QRULES-44355 | I7: PROF | J7: N/A | K7: N/A | L7: N/A | M7: N/A | N7: N/A | O7: N/A | P7: N/A | Q7: Y | S7: Y
A8: 7 | B8: =SUM(A8+10000) -> 10007 | C8: 1.00 | D8: NY | E8: WITH_SUPPORT | F8: DEF_NY_SURG_RAD1_ P2PX | G8: PROC denial due to PRESENT OTHER PROC (2-KEY D-S; SAME DOS; XPROV) | H8: QRULES-44356 | I8: PROF | J8: N/A | K8: N/A | L8: N/A | M8: Y | N8: N/A | O8: N/A | P8: Across All Prov
A9: 8 | B9: =SUM(A9+10000) -> 10008 | C9: 1.00 | D9: TX | E9: SINGLE_LINE | F9: DEF_TX_PET_SCAN | G9: PROC denial due to PRESENT NON-COVERED PROC | H9: QRULES-44357 | I9: PROF | J9: N/A | K9: N/A | L9: N/A | M9: N/A | N9: N/A | O9: N/A
A10: 9 | B10: DO NOT USE | C10: 1.00 | D10: TX | E10: SINGLE_LINE | F10: DEF_TX_CARDIAC_REHAB | G10: PROC denial due to NOT PRESENT DX and-or NOT PRESENT REV (OUTPAT_FAC) | H10: QRULES-44358 | I10: OUTPAT_FAC | J10: N/A | K10: N/A | L10: N/A | M10: N/A | N10: N/A | O10: N/A | P10: N/A | Q10: Y | U10: Y
A11: 10 | B11: =SUM(A11+10000) -> 10010 | C11: 1.00 | D11: CA | E11: WITHOUT_SUPPORT | F11: DEF_CA_INFUSION_BACLOFEN | G11: PROC denial due to NOT PRESENT OTHER PROC (1-KEY D-S; SAME DOS; XPROV) | H11: QRULES-44359 | I11: PROF | J11: N/A | K11: N/A | L11: N/A | M11: Y | N11: N/A | O11: N/A | P11: Across All Prov
A12: 11 | B12: DO NOT USE | C12: 1.00 | D12: CA | E12: SINGLE_LINE | F12: DEF_CA_FROZEN_PLASMA | G12: PROC denial due to PRESENT DX | H12: QRULES-44363 | I12: PROF | J12: N/A | K12: N/A | L12: N/A | M12: N/A | N12: N/A | O12: N/A | P12: N/A | Q12: Y
A13: 12 | B13: =SUM(A13+10000) -> 10012 | C13: 1.00 | D13: TX | E13: SINGLE_LINE | F13: DEF_TX_ESRD_DIALYSIS_NOT_HOME | G13: PROC denial due to PRESENT POS | H13: QRULES-44389 | I13: PROF | J13: N/A | K13: N/A | L13: N/A | M13: N/A | N13: N/A | O13: N/A | T13: Y
A14: 13 | B14: =SUM(A14+10000) -> 10013 | C14: 2.00 | D14: CA | E14: FREQ | F14: DEF_CA_DME_ONCE_IN_5YRS | G14: INDIVIDUAL PROC denial due to FREQ - Line Quantity (DAYS_RANGE; INCL SAME DOS; XPROV)(QTY=1 and ADD LINE=N) | H14: QRULES-44388 | I14: PROF | J14: INDIV | K14: POLICY | L14: DAYS_RANGE | M14: Y | N14: =1 -> 1 | O14: N | P14: Across All Prov
A15: 14 | B15: =SUM(A15+10000) -> 10014 | C15: 1.00 | D15: CA | E15: SINGLE_LINE | F15: DEF_CA_MED_NO_MOD_63 | G15: PROC denial due to PRESENT MOD | H15: QRULES-44390 | I15: PROF | J15: N/A | K15: N/A | L15: N/A | M15: N/A | N15: N/A | O15: N/A | P15: N/A | S15: Y
A16: 15 | B16: =SUM(A16+10000) -> 10015 | C16: 1.00 | D16: CA | E16: WITH_SUPPORT | F16: DEF_CA_DME_RENT_SAME_MONTH | G16: PROC denial due to PRESENT OTHER PROC (1-KEY D-S; CALENDAR_MONTH; INCL SAME DOS; XPROV) | H16: QRULES-44391 | I16: PROF | J16: N/A | K16: N/A | L16: CALENDAR_MONTH | M16: Y | N16: N/A | O16: N/A | P16: Across All Prov
A17: 16 | B17: =SUM(A17+10000) -> 10016 | C17: 2.00 | D17: N/A | E17: COMBO | F17: (Patterns 13 + 19) | G17: COMBINATION (Patterns 13 + 19) | H17: QRULES-44461 | I17: PROF | J17: N/A | K17: N/A | L17: N/A | M17: N/A | N17: N/A | O17: N/A | P17: N/A
A18: 17 | B18: =SUM(A18+10000) -> 10017 | C18: 2.00 | D18: N/A | E18: COMBO | F18: (Patterns 20 + 25) | G18: COMBINATION (Patterns 20 + 25) | H18: QRULES-44462 | I18: PROF | J18: N/A | K18: N/A | L18: N/A | M18: N/A | N18: N/A | O18: N/A | P18: N/A
A19: 18 | B19: =SUM(A19+10000) -> 10018 | C19: 2.00 | D19: N/A | E19: COMBO | F19: (Patterns 21 + 13) | G19: COMBINATION (Patterns 21 + 13) | H19: QRULES-45025 | I19: PROF | J19: N/A | K19: N/A | L19: N/A | M19: N/A | N19: N/A | O19: N/A | P19: N/A
A20: 19 | B20: =SUM(A20+10000) -> 10019 | C20: 1.00 | D20: NY | E20: FREQ | F20: DEF_NY_LAB_SVCS_1 | G20: INDIVIDUAL PROC denial due to FREQ - Line Quantity (SAME DOS; XPROV)(QTY=1 and ADD LINE=N) | H20: QRULES-44463 | I20: PROF | J20: INDIV | K20: POLICY | L20: N/A | M20: Y | N20: =1 -> 1 | O20: N | P20: Across All Prov
A21: 20 | B21: =SUM(A21+10000) -> 10020 | C21: 1.00 | D21: CA | E21: FREQ | F21: DEF_CA_PDT_FREQ_1 | G21: INDIVIDUAL PROC denial due to FREQ - Line Quantity (SAME DOS; SAME PROV)(QTY=1 and ADD LINE=N) | H21: QRULES-44464 | I21: PROF | J21: INDIV | K21: POLICY | L21: N/A | M21: Y | N21: =1 -> 1 | O21: N | P21: PROV_ID
A22: 21 | B22: =SUM(A22+10000) -> 10021 | C22: 1.00 | D22: TX | E22: SINGLE_LINE | F22: DEF_TX_RAD_URICHEM_MALE_1 | G22: PROC denial due to NOT PRESENT GENDER M | H22: QRULES-45026 | I22: PROF | J22: N/A | K22: N/A | L22: N/A | M22: N/A | N22: N/A | O22: N/A | Z22: Y
A23: 22 | B23: =SUM(A23+10000) -> 10022 | C23: 1.00 | D23: CA | E23: SINGLE_LINE | F23: DEF_CA_DME_MODNURB | G23: PROC denial due to NOT PRESENT MOD1, AND/OR NOT PRESENT MOD2 | H23: QRULES-45032 | I23: PROF | J23: N/A | K23: N/A | L23: N/A | M23: N/A | N23: N/A | O23: N/A | P23: N/A | S23: Y
A24: 23 | B24: =SUM(A24+10000) -> 10023 | C24: 1.00 | D24: CA | E24: FREQ | F24: DEF_CA_RADSURG_FREQ | G24: PROC GROUP denial due to FREQ - Line Quantity (DAYS_RANGE, INCL SAME DOS; XPROV)(QTY>1 and ADD LINE=N) | H24: QRULES-45033 | I24: PROF | J24: GRP | K24: POLICY | L24: DAYS_RANGE | M24: Y | N24: >1 | O24: N | P24: Across All Prov
A25: 24 | B25: =SUM(A25+10000) -> 10024 | C25: 1.00 | D25: TX | E25: SINGLE_LINE | F25: DEF_TX_INPT_ADMIT_DAY_SURG | G25: PROC denial due to NOT PRESENT Claim_PrincipalDiag and-or NOT PRESENT BILL TYPE (ALL_FAC) | H25: QRULES-45046 | I25: ALL_FAC | J25: N/A | K25: N/A | L25: N/A | M25: N/A | N25: N/A | O25: N/A | P25: N/A | Q25: Y | V25: Y
A26: 25 | B26: =SUM(A26+10000) -> 10025 | C26: 2.00 | D26: CA | E26: FREQ | F26: DEF_CA_PDT_FREQ_2 | G26: INDIVIDUAL PROC denial due to FREQ - Line Quantity (DAYS_RANGE; INCL SAME DOS; SAME PROV)(QTY>1 and ADD LINE=N) | H26: QRULES-45067 | I26: PROF | J26: INDIV | K26: POLICY | L26: DAYS_RANGE | M26: Y | N26: >1 | O26: N | P26: PROV_ID
A27: 26 | B27: DO NOT USE | C27: 1.00 | D27: TX | E27: SINGLE_LINE | F27: DEF_TX_CRANIAL_DOPPLR_AGE_1 | G27: PROC denial due to PRESENT AGE with INCL DX | H27: QRULES-45077 | I27: PROF | J27: N/A | K27: N/A | L27: N/A | M27: N/A | N27: N/A | O27: N/A | P27: N/A | Q27: Y | X27: Y
A28: 27 | B28: DO NOT USE | C28: 2.00 | D28: TX | E28: FREQ | F28: DEF_TX_CRANIAL_DOPPLR_AGE_2 | G28: INDIVIDUAL PROC denial due to FREQ with D-S INCL DX - Line Quantity (DAYS_RANGE; INCL SAME DOS; XPROV)(QTY=1 and ADD LINE=N) | H28: QRULES-45078 | I28: PROF | J28: INDIV | K28: POLICY | L28: DAYS_RANGE | M28: Y | N28: 1 | O28: N | P28: Across All Prov | Q28: Y
A29: 28 | B29: =SUM(A29+10000) -> 10028 | C29: 2.00 | D29: N/A | E29: COMBO | F29: (Patterns 26 + 27) | G29: COMBINATION (Patterns 26 + 27) | H29: QRULES-45079 | I29: PROF | J29: N/A | K29: N/A | L29: DAYS_RANGE | M29: Y | N29: N/A | O29: N/A | P29: N/A
A30: 29 | B30: =SUM(A30+10000) -> 10029 | C30: 2.00 | D30: TX | E30: FREQ | F30: DEF_CA_MRI_EWC | G30: INDIVIDUAL PROC denial due to FREQ - Line Quantity (DAYS_RANGE; INCL SAME DOS; XPROV)(QTY>1 and ADD LINE=N) | H30: QRULES-45092 | I30: PROF | J30: INDIV | K30: POLICY | L30: DAYS_RANGE | M30: Y | N30: >1 | O30: N | P30: Across All Prov
A31: 30 | B31: =SUM(A31+10000) -> 10030 | C31: 2.00 | D31: N/A | E31: COMBO | F31: (Patterns 5 + 29) | G31: COMBINATION (Patterns 5 + 29) | H31: QRULES-45093 | I31: PROF | J31: N/A | K31: N/A | L31: DAYS_RANGE | M31: Y | N31: N/A | O31: N/A | P31: N/A
A32: 31 | B32: =SUM(A32+10000) -> 10031 | C32: 1.00 | D32: TX | E32: SINGLE_LINE | F32: DEF_TX_FOBT_FREQ_1 | G32: PROC denial due to PRESENT AGE with INCL MOD | H32: QRULES-45094 | I32: PROF | J32: N/A | K32: N/A | L32: N/A | M32: N/A | N32: N/A | O32: N/A | P32: N/A | S32: Y | X32: Y
A33: 32 | B33: =SUM(A33+10000) -> 10032 | C33: 2.00 | D33: TX | E33: FREQ | F33: DEF_TX_FOBT_FREQ_2 | G33: INDIVIDUAL PROC denial due to FREQ with DENY MOD INCL - Line Quantity (DAYS_RANGE; INCL SAME DOS; XPROV)(QTY=1 and ADD LINE=N) | H33: QRULES-45095 | I33: PROF | J33: INDIV | K33: POLICY | L33: DAYS_RANGE | M33: Y | N33: 1 | O33: N | P33: Across All Prov | S33: Y
A34: 33 | B34: =SUM(A34+10000) -> 10033 | C34: 2.00 | D34: N/A | E34: COMBO | F34: (Patterns 31 + 32) | G34: COMBINATION (Patterns 31 + 32) | H34: QRULES-45096 | I34: PROF | J34: N/A | K34: N/A | L34: DAYS_RANGE | M34: N/A | N34: N/A | O34: N/A | P34: N/A
A35: 34 | B35: =SUM(A35+10000) -> 10034 | C35: 1.00 | D35: TX | E35: WITH_SUPPORT | F35: DEF_TX_MAMMO_NO_GG | G35: PROC denial due to PRESENT OTHER PROC with SUPPORT EXCL MOD (1-KEY D-S; SAME DOS; XPROV) | H35: QRULES-45104 | I35: PROF | J35: N/A | K35: N/A | L35: N/A | M35: Y | N35: N/A | O35: N/A | P35: Across All Prov | S35: Y
A36: 35 | B36: =SUM(A36+10000) -> 10035 | C36: 1.00 | D36: CA | E36: WITH_SUPPORT | F36: DEF_CA_DME_WALKER_1 | G36: PROC denial due to PRESENT OTHER PROC with SUPPORT MOD INCL (1-KEY ; SAME DOS; XPROV) | H36: QRULES-45105 | I36: PROF | J36: N/A | K36: N/A | L36: N/A | M36: Y | N36: N/A | O36: N/A | P36: Across All Prov | S36: Y
A37: 36 | B37: =SUM(A37+10000) -> 10036 | C37: 2.00 | D37: N/A | E37: COMBO | F37: (Patterns 35 + 29) | G37: COMBINATION (Patterns 35 + 29) | H37: QRULES-45106 | I37: PROF | J37: N/A | K37: N/A | L37: N/A | M37: N/A | N37: N/A | O37: N/A | P37: N/A
A38: 37 | B38: =SUM(A38+10000) -> 10037 | C38: 1.00 | D38: CA | E38: SINGLE_LINE | F38: DEF_CA_LOWVISION | G38: PROC denial due to Line_Quantity >1, AND/OR NOT PRESENT MOD | H38: QRULES-45134 | I38: PROF | J38: N/A | K38: N/A | L38: N/A | M38: N/A | N38: N/A | O38: N/A | P38: N/A | S38: Y
A39: 38 | B39: =SUM(A39+10000) -> 10038 | C39: 1.00 | D39: CA | E39: FREQ | F39: DEF_CA_MED_NVDS_2 | G39: PROC GROUP denial due to FREQ - Line Quantity (SAME DOS; SAME PROV)(QTY=1 and ADD LINE=N) | H39: QRULES-45135 | I39: PROF | J39: GRP | K39: POLICY | L39: N/A | M39: Y | N39: 1 | O39: N | P39: PROV_ID
A40: 39 | B40: =SUM(A40+10000) -> 10039 | C40: 1.00 | D40: N/A | E40: COMBO | F40: (Patterns 14 + 38) | G40: COMBINATION (Patterns 14 + 38) | H40: QRULES-45136 | I40: PROF | J40: N/A | K40: N/A | L40: N/A | M40: N/A | N40: N/A | O40: N/A | P40: N/A
A41: 40 | B41: DO NOT USE | C41: 1.00 | D41: TX | E41: SINGLE_LINE | F41: DEF_TX_HBOT_MEDNEC_1 | G41: PROC denial due to PRESENT DX or ALL DX NULL | H41: QRULES-45144 | I41: PROF | J41: N/A | K41: N/A | L41: N/A | N41: N/A | O41: N/A | P41: N/A | Q41: Y
A42: 41 | B42: =SUM(A42+10000) -> 10041 | C42: 1.00 | D42: N/A | E42: COMBO | F42: (Patterns 40 + 1) | G42: COMBINATION (Patterns 40 + 1) | H42: QRULES-45145 | I42: PROF | J42: N/A | K42: N/A | L42: N/A | M42: N/A | N42: N/A | O42: N/A | P42: N/A
A43: 42 | B43: =SUM(A43+10000) -> 10042 | C43: 1.00 | D43: CA | E43: WITH_SUPPORT | F43: DEF_CA_MED_SPIRO_1 | G43: PROC denial due to PRESENT OTHER PROC (1-KEY D-S; SAME DOS; XPROV) | H43: QRULES-45146 | I43: PROF | J43: N/A | K43: N/A | L43: N/A | M43: Y | N43: N/A | O43: N/A | P43: Across All Prov
A44: 43 | B44: =SUM(A44+10000) -> 10043 | C44: 1.00 | D44: CA | E44: FREQ | F44: DEF_CA_MED_SPIRO_2 | G44: PROC GROUP denial due to FREQ - Line Quantity (DAYS_RANGE, INCL SAME DOS; XPROV)(QTY=1 and ADD LINE=N) | H44: QRULES-45147 | I44: PROF | J44: GRP | K44: POLICY | L44: DAYS_RANGE | M44: Y | N44: 1 | O44: N | P44: Across All Prov
A45: 44 | B45: =SUM(A45+10000) -> 10044 | C45: 1.00 | D45: N/A | E45: COMBO | F45: (Patterns 42 + 43) | G45: COMBINATION (Patterns 42 + 43) | H45: QRULES-45148 | I45: PROF | J45: N/A | K45: N/A | L45: N/A | M45: N/A | N45: N/A | O45: N/A | P45: N/A
A46: 45 | B46: =SUM(A46+10000) -> 10045 | C46: 2.00 | D46: CA | E46: COMBO | F46: (Patterns 1 + 10 + 13) (DEF_CA_SURG_INTEGRA_1,2,3) | G46: COMBINATION (Patterns 1 + 10 + 13) | H46: QRULES-45149 | I46: PROF | J46: N/A | K46: N/A | L46: N/A | M46: N/A | N46: N/A | O46: N/A | P46: N/A
A47: 46 | B47: =SUM(A47+10000) -> 10046 | C47: 1.00 | D47: N/A | E47: COMBO | F47: (Patterns 1 + 43) (DEF_CA_DME_COMMODE_1,2) | G47: COMBINATION (Patterns 1 + 43) | H47: QRULES-45150 | I47: PROF | J47: N/A | K47: N/A | L47: N/A | M47: N/A | N47: N/A | O47: N/A | P47: N/A
A48: 47 | B48: =SUM(A48+10000) -> 10047 | C48: 1.00 | D48: CA | E48: FREQ | F48: DEF_CA_SURG_VERTEBROPLASTY_2 | G48: PROC GROUP denial due to FREQ with D-S EXCL MOD- Line Quantity (SAME DOS; SAME PROV)(QTY>1 and ADD LINE=N) | H48: QRULES-45151 | I48: PROF | J48: GRP | K48: POLICY | L48: N/A | M48: Y | N48: >1 | O48: N | P48: PROV_ID | S48: Y
A49: 48 | B49: =SUM(A49+10000) -> 10048 | C49: 1.00 | D49: N/A | E49: COMBO | F49: (Patterns 42 + 47) | G49: COMBINATION (Patterns 42 + 47) | H49: QRULES-45152 | I49: PROF | J49: N/A | K49: N/A | L49: N/A | M49: N/A | N49: N/A | O49: N/A | P49: N/A
A50: 49 | B50: =SUM(A50+10000) -> 10049 | C50: 1.00 | D50: CA | E50: WITHOUT_SUPPORT | F50: DEF_CA_DME_POSTOP | G50: PROC denial due to NOT PRESENT OTHER PROC (1-KEY D-S; DAYS; INCL SAME DOS; XPROV) | H50: QRULES-45153 | I50: PROF | J50: N/A | K50: N/A | L50: DAYS | M50: Y | N50: N/A | O50: N/A | P50: Across All Prov
A51: 50 | B51: =SUM(A51+10000) -> 10050 | C51: 1.00 | D51: TX | E51: FREQ | F51: DEF_TX_CYTOGEN_5X_2 | G51: INDIVIDUAL PROC denial due to FREQ - Line Quantity (SAME DOS; SAME NPI)(QTY>1 and ADD LINE=N) | H51: QRULES-45189 | I51: PROF | J51: INDIV | K51: POLICY | L51: N/A | M51: Y | N51: >1 | O51: N | P51: BILLING_NPI
A52: 51 | B52: =SUM(A52+10000) -> 10051 | C52: 1.00 | D52: N/A | E52: COMBO | F52: (Patterns 1 + 50) DEF_TX_CYTOGEN_5X_1,2 | G52: COMBINATION (Patterns 1 + 50) | H52: QRULES-45190 | I52: PROF | J52: N/A | K52: N/A | L52: N/A | M52: N/A | N52: N/A | O52: N/A | P52: N/A
A53: 52 | B53: =SUM(A53+10000) -> 10052 | C53: 1.00 | D53: N/A | E53: COMBO | F53: (Patterns 5 + 19) DEF_TX_PEDS_CC_FRQ_1,2 | G53: COMBINATION (Patterns 5 + 19) | H53: QRULES-45191 | I53: PROF | J53: N/A | K53: N/A | L53: N/A | M53: N/A | N53: N/A | O53: N/A | P53: N/A
A54: 53 | B54: =SUM(A54+10000) -> 10053 | C54: 1.00 | D54: N/A | E54: COMBO | F54: (Patterns 40 + 6) DEF_CA_DME_PUMPS,1,2 | G54: COMBINATION (Patterns 40 + 6) | H54: QRULES-45192 | I54: PROF | J54: N/A | K54: N/A | L54: N/A | M54: N/A | N54: N/A | O54: N/A | P54: N/A
A55: 54 | B55: DO NOT USE | C55: 2.00 | D55: CA | E55: FREQ | F55: DEF_CA_MED_NERVE_2 | G55: INDIVIDUAL PROC denial due to FREQ with D-S INCL DX - Line Quantity (DAYS_RANGE; INCL SAME DOS; SAME PROV)(QTY>1 and ADD LINE=N) | H55: QRULES-45193 | I55: PROF | J55: INDIV | K55: POLICY | L55: DAYS_RANGE | M55: Y | N55: >1 | O55: N | P55: PROV_ID | Q55: Y
A56: 55 | B56: =SUM(A56+10000) -> 10055 | C56: 2.00 | D56: CA | E56: COMBO | F56: (Patterns 1 + 54 + 23) (DEF_CA_MED_NERVE_1,2,3) | G56: COMBINATION (Patterns 1 + 54 + 23) | H56: QRULES-45194 | I56: PROF | J56: N/A | K56: N/A | L56: N/A | M56: N/A | N56: N/A | O56: N/A | P56: N/A
A57: 56 | B57: =SUM(A57+10000) -> 10056 | C57: 1.00 | D57: N/A | E57: COMBO | F57: (Patterns 5 + 6) DEF_CA_GLIOBLASTOMA_1,2 | G57: COMBINATION (Patterns 5 + 6) | H57: QRULES-45199 | I57: PROF | J57: N/A | K57: N/A | L57: N/A | M57: N/A | N57: N/A | O57: N/A | P57: N/A
A58: 57 | B58: =SUM(A58+10000) -> 10057 | C58: 2.00 | D58: N/A | E58: COMBO | F58: (Patterns 2 + 29) DEF_CA_DME_CPAP_1,2 | G58: COMBINATION (Patterns 2 + 29) | H58: QRULES-45200 | I58: PROF | J58: N/A | K58: N/A | L58: N/A | M58: N/A | N58: N/A | O58: N/A | P58: N/A
A59: 58 | B59: =SUM(A59+10000) -> 10058 | C59: 1.00 | D59: CA | E59: WITH_SUPPORT | F59: DEF_CA_SRG_HYSTER | G59: PROC denial due to PRESENT OTHER PROC (1-KEY D-S; SAME DOS; SAME PROV) | H59: QRULES-45201 | I59: PROF | J59: N/A | K59: N/A | L59: N/A | M59: Y | N59: N/A | O59: N/A | P59: PROV_ID
A60: 59 | B60: =SUM(A60+10000) -> 10059 | C60: 2.00 | D60: CA | E60: COMBO | F60: (Patterns 2 + 15 + 13) DEF_CA_DME_BREASTPUMP_1,2,3 | G60: COMBINATION (Patterns 2 + 15 + 13) | H60: QRULES-45202 | I60: PROF | J60: N/A | K60: N/A | L60: N/A | M60: N/A | N60: N/A | O60: N/A | P60: N/A
A61: 60 | B61: =SUM(A61+10000) -> 10060 | C61: 2.00 | D61: N/A | E61: COMBO | F61: (Patterns 6 + 13) (DEF_CA_DME_NEBULIZER_1,2) | G61: COMBINATION (Patterns 6 + 13) | H61: QRULES-45203 | I61: PROF | J61: N/A | K61: N/A | L61: N/A | M61: N/A | N61: N/A | O61: N/A | P61: N/A
A62: 61 | B62: =SUM(A62+10000) -> 10061 | C62: 2.00 | D62: N/A | E62: COMBO | F62: (Patterns 1 + 13) DEF_CA_ORTHO_HEAD_1,2 | G62: COMBINATION (Patterns 1 + 13) | H62: QRULES-45204 | I62: PROF | J62: N/A | K62: N/A | L62: N/A | M62: N/A | N62: N/A | O62: N/A | P62: N/A
A63: 62 | B63: =SUM(A63+10000) -> 10062 | C63: 2.00 | D63: TX | E63: FREQ | F63: DEF_TX_OP_MH_FREQ | G63: INDIVIDUAL PROC denial due to FREQ - Line Quantity (CALENDAR_YEAR; INCL SAME DOS; XPROV)(QTY>1 and ADD LINE=N) | H63: QRULES-45220 | I63: PROF | J63: INDIV | K63: POLICY | L63: CALENDAR_YEAR | M63: Y | N63: >1 | O63: N | P63: Across All Prov
A64: 63 | B64: =SUM(A64+10000) -> 10063 | C64: 2.00 | D64: TX | E64: FREQ | F64: DEF_TX_TB_SCRN_YR | G64: INDIVIDUAL PROC denial due to FREQ - Line Quantity (CALENDAR_YEAR; INCL SAME DOS; XPROV)(QTY=1 and ADD LINE=N) | H64: QRULES-45221 | I64: PROF | J64: INDIV | K64: POLICY | L64: CALENDAR_YEAR | M64: Y | N64: 1 | O64: N | P64: Across All Prov
A65: 64 | B65: =SUM(A65+10000) -> 10064 | C65: 1.00 | D65: TX | E65: FREQ | F65: DEF_TX_NEW_PAT | G65: PROC GROUP denial due to FREQ - Line Quantity (DAYS_RANGE, INCL SAME DOS; SAME NPI)(QTY=1 and ADD LINE=N) | H65: QRULES-45222 | I65: PROF | J65: GRP | K65: POLICY | L65: DAYS_RANGE | M65: Y | N65: 1 | O65: N | P65: BILLING_NPI
A66: 65 | B66: =SUM(A66+10000) -> 10065 | C66: 2.00 | D66: CA | E66: COMBO | F66: (Patterns 22 + 15 + 29) DEF_CA_DME_POWER_1,2,3 | G66: COMBINATION (Patterns 22 + 15 + 29) | H66: QRULES-45223 | I66: PROF | J66: N/A | K66: N/A | L66: N/A | M66: N/A | N66: N/A | O66: N/A | P66: N/A
A67: 66 | B67: =SUM(A67+10000) -> 10066 | C67: 2.00 | D67: N/A | E67: COMBO | F67: (Patterns 22 + 29) DEF_CA_DME_2MOD_1,2 | G67: COMBINATION (Patterns 22 + 29) | H67: QRULES-45224 | I67: PROF | J67: N/A | K67: N/A | L67: N/A | M67: N/A | N67: N/A | O67: N/A | P67: N/A
A68: 67 | B68: =SUM(A68+10000) -> 10067 | C68: 1.00 | D68: CA | E68: WITH_SUPPORT | F68: DEF_CA_STER_HYSTERO | G68: PROC denial due to PRESENT OTHER PROC (1-KEY D-S; DAYS; INCL SAME DOS; XPROV) | H68: QRULES-45248 | I68: PROF | J68: N/A | K68: N/A | L68: DAYS | M68: Y | N68: N/A | O68: N/A | P68: Across All Prov
A69: 68 | B69: =SUM(A69+10000) -> 10068 | C69: 2.00 | D69: TX | E69: FREQ | F69: DEF_TX_OVRSIGHT_FRQ | G69: INDIVIDUAL PROC denial due to FREQ - Line Quantity (CALENDAR_MONTH; INCL SAME DOS; XPROV)(QTY=1 and ADD LINE=N) | H69: QRULES-45249 | I69: PROF | J69: INDIV | K69: POLICY | L69: CALENDAR_MONTH | M69: Y | N69: 1 | O69: N | P69: Across All Prov
A70: 69 | B70: =SUM(A70+10000) -> 10069 | C70: 1.00 | D70: TX | E70: FREQ | F70: DEF_TX_ESRD_DIALYSIS_ONE_MONTH | G70: PROC GROUP denial due to FREQ - Line Quantity (CALENDAR_MONTH; INCL SAME DOS; XPROV)(QTY=1 and ADD LINE=N) | H70: QRULES-45258 | I70: PROF | J70: GRP | K70: POLICY | L70: CALENDAR_MONTH | M70: Y | N70: 1 | O70: N | P70: Across All Prov
A71: 70 | B71: =SUM(A71+10000) -> 10070 | C71: 1.00 | D71: CA | E71: WITH_SUPPORT | F71: DEF_CA_RAD_SPECT | G71: PROC denial due to PRESENT OTHER PROC (1-KEY D-S; DAYS RANGE;INCL SAME DOS, SAME PROV) | H71: QRULES-45259 | I71: PROF | J71: N/A | K71: N/A | L71: DAYS_RANGE | M71: Y | N71: N/A | O71: N/A | P71: PROV_ID
A72: 71 | B72: =SUM(A72+10000) -> 10071 | C72: 1.00 | D72: TX | E72: WITH_SUPPORT | F72: DEF_TX_CARD_REHB_EM | G72: PROC denial due to PRESENT OTHER PROC with SUPPORT MOD EXCL (1-KEY D-S; SAME DOS; SAME NPI) | H72: QRULES-45260 | I72: PROF | J72: N/A | K72: N/A | L72: N/A | M72: Y | N72: N/A | O72: N/A | P72: BILLING_NPI | S72: Y
A73: 72 | B73: =SUM(A73+10000) -> 10072 | C73: 1.00 | D73: TX | E73: WITHOUT_SUPPORT | F73: DEF_TX_PRLNG_WO_BASE | G73: PROC denial due to NOT PRESENT OTHER PROC (1-KEY D-S; SAME DOS; SAME NPI) | H73: QRULES-45261 | I73: PROF | J73: N/A | K73: N/A | L73: N/A | M73: Y | N73: N/A | O73: N/A | P73: BILLING_NPI
A74: 73 | B74: =SUM(A74+10000) -> 10073 | C74: 1.00 | D74: TX | E74: FREQ | F74: DEF_TX_RABIES_POST | G74: PROC GROUP denial due to FREQ – Line Quantity (SAME DOS, XPROV)(QTY=1 and ADD LINE=N) | H74: https://mhsprod.jira.com/browse/QRULES-45289%20-%20Pattern%2073 | I74: PROF | J74: GRP | K74: POLICY | L74: N/A | M74: Y | N74: 1 | O74: N | P74: Across All Prov
A75: 74 | B75: =SUM(A75+10000) -> 10074 | C75: 1.00 | D75: TX | E75: FREQ | F75: DEF_TX_HBAI_FREQ_2 | G75: INDIVIDUAL PROC denial due to FREQ - Line Quantity (SAME DOS; XPROV)(QTY>1 and ADD LINE=N) | H75: QRULES-45290 | I75: PROF | J75: INDIV | K75: POLICY | L75: N/A | M75: Y | N75: >1 | O75: N | P75: Across All Prov
A76: 75 | B76: DO NOT USE | C76: 1.00 | D76: TX | E76: WITH_SUPPORT | F76: DEF_TX_NB_SCREENING | G76: PROC denial due to PRESENT OTHER PROC with SUPPORT DX INCL (1-KEY D-S; SAME DOS; XPROV) INPAT_FAC | H76: QRULES-45291 | I76: INPAT_FAC | J76: N/A | K76: N/A | L76: N/A | M76: Y | N76: N/A | O76: N/A | P76: Across All Prov | Q76: Y
A77: 76 | B77: =SUM(A77+10000) -> 10076 | C77: 1.00 | D77: LA | E77: WITH_SUPPORT | F77: DEF_LA_BP_DEV | G77: PROC denial due to PRESENT OTHER PROC with POS INCL (1-KEY D-S; SAME DOS; XPROV) | H77: QRULES-45480 | I77: PROF | J77: N/A | K77: N/A | L77: N/A | M77: Y | N77: N/A | O77: N/A | P77: Across All Prov | T77: Y
A78: 77 | B78: =SUM(A78+10000) -> 10077 | C78: 1.00 | D78: LA | E78: FREQ | F78: DEF_LA_HOM_HLTH | G78: INDIVIDUAL PROC denial due to FREQ - Line Quantity with INCL AGE (SAME DOS; XPROV)(QTY=1 and ADD LINE=N) | H78: QRULES-45503 | I78: PROF | J78: INDIV | K78: POLICY | L78: N/A | M78: Y | N78: 1 | O78: N | P78: Across All Prov | X78: Y
A79: 78 | B79: =SUM(A79+10000) -> 10078 | C79: 1.00 | D79: LA | E79: SINGLE_LINE | F79: DEF_LA_FEE_MODREV | G79: PROC denial due to NOT PRESENT MOD and-or NOT PRESENT REV CODE | H79: QRULES-45518 | I79: ALL_FAC | J79: N/A | K79: N/A | L79: N/A | M79: N/A | N79: N/A | O79: N/A | P79: N/A | S79: Y | U79: Y
A80: 79 | B80: =SUM(A80+10000) -> 10079 | C80: 1.00 | D80: LA | E80: SINGLE_LINE | F80: DEF_LA_SUPPLY | G80: PROC denial due to PRESENT PROV SPEC | H80: QRULES-45519 | I80: PROF | J80: N/A | K80: N/A | L80: N/A | M80: N/A | N80: N/A | O80: N/A | P80: N/A | W80: Y
A81: 80 | B81: =SUM(A81+10000) -> 10080 | C81: 2.00 | D81: LA | E81: FREQ | F81: DEF_LA_EYE_EXAM | G81: INDIVIDUAL PROC denial due to FREQ with INCL AGE - Line Quantity (CALENDAR_YEAR; INCL SAME DOS; XPROV)(QTY=1 and ADD LINE=N) | H81: QRULES-45520 | I81: PROF | J81: INDIV | K81: POLICY | L81: CALENDAR_YEAR | M81: Y | N81: 1 | O81: N | P81: Across All Prov | X81: Y
A82: 81 | B82: DO NOT USE | C82: 1.00 | D82: LA | E82: SINGLE_LINE | F82: DEF_LA_PED_CRIT | G82: PROC denial due to INCL AGE with NOT PRESENT DX | H82: QRULES-45709 | I82: PROF | J82: N/A | K82: N/A | L82: N/A | M82: N/A | N82: N/A | O82: N/A | P82: N/A | Q82: Y | X82: Y
A83: 82 | B83: =SUM(A83+10000) -> 10082 | C83: 1.00 | D83: LA | E83: SINGLE_LINE | F83: DEF_LA_ANES_SRV_4 | G83: PROC denial due to NOT PRESENT Prov Spec with INCL MOD | H83: QRULES-45708 | I83: PROF | J83: N/A | K83: N/A | L83: N/A | M83: N/A | N83: N/A | O83: N/A | P83: N/A | S83: Y | W83: Y
A84: 83 | B84: =SUM(A84+10000) -> 10083 | C84: 1.00 | D84: LA | E84: SINGLE_LINE | F84: DEF_LA_ANES_SRV | G84: PROC denial due to Line_Quantity that IS_NULL | H84: QRULES-45710 | I84: PROF | J84: N/A | K84: N/A | L84: N/A | M84: N/A | N84: NULL | O84: N/A | P84: N/A
A85: 84 | B85: DO NOT USE | C85: 1.00 | D85: LA | E85: SINGLE_LINE | F85: DEF_LA_BRST_RECON | G85: PROC denial due to NOT PRESENT DX1 AND NOT PRESENT DX2 or Proc denial due to NOT PRESENT DX3. | H85: QRULES-45761 | I85: PROF | J85: N/A | K85: N/A | L85: N/A | M85: N/A | N85: N/A | O85: N/A | P85: N/A | Q85: Y
A86: 85 | B86: DO NOT USE | C86: 1.00 | D86: LA | E86: SINGLE_LINE | F86: DEF_LA_ASC_2 | G86: DX denial due to PRESENT POS | H86: QRULES-45762 | I86: PROF | J86: N/A | K86: N/A | L86: N/A | M86: N/A | N86: N/A | O86: N/A | P86: N/A | Q86: Y | T86: Y
A87: 86 | B87: =SUM(A87+10000) -> 10086 | C87: 1.00 | D87: LA | E87: SINGLE_LINE | F87: DEF_LA_CHIRO_SV_2 | G87: PROC denial due to NOT PRESENT Prov Spec | I87: PROF | J87: N/A | K87: N/A | L87: N/A | M87: N/A | N87: N/A | O87: N/A | P87: N/A | W87: Y
A88: 87 | B88: DO NOT USE | C88: 1.00 | D88: LA | E88: SINGLE_LINE | F88: DEF_LA_DSMT_5 | G88: PROC denial due to NOT PRESENT MOD with INCL DX | I88: PROF | J88: N/A | K88: N/A | L88: N/A | M88: N/A | N88: N/A | O88: N/A | P88: N/A | Q88: Y | S88: Y
A89: 88 | B89: =SUM(A89+10000) -> 10088 | C89: 1.00 | D89: N/A | E89: COMBO | F89: (Patterns 5 + 86) DEF_LA_CHIRO_SV_1,2 | G89: COMBINATION (Patterns 5 + 86) | I89: PROF | J89: N/A | K89: N/A | L89: N/A | M89: N/A | N89: N/A | O89: N/A | P89: N/A | W89: Y | X89: Y
A90: 89 | B90: =SUM(A90+10000) -> 10089 | C90: 1.00 | D90: LA | E90: WITH_SUPPORT | F90: DEF_LA_LAB | G90: PROC denial due to PRESENT OTHER PROC with INCL AGE (1-KEY D-S; SAME DOS; SAME PROV) | H90: QRULES-45800 | I90: PROF | J90: N/A | K90: N/A | L90: N/A | M90: Y | N90: N/A | O90: N/A | P90: PROV_ID | X90: Y
A91: 90 | B91: =SUM(A91+10000) -> 10090 | C91: 1.00 | D91: LA | E91: SINGLE_LINE | F91: DEF_LA_IBT_1 | G91: PROC denial due to AGE (ALL_FAC) | I91: ALL_FAC | J91: N/A | K91: N/A | L91: N/A | M91: N/A | N91: N/A | O91: N/A | P91: N/A | X91: Y
A92: 91 | B92: DO NOT USE | C92: 1.00 | D92: LA | E92: SINGLE_LINE | F92: DEF_LA_IBT_2 | G92: PROC denial due to NOT PRESENT DX (Facility) | I92: ALL_FAC | J92: N/A | K92: N/A | L92: N/A | M92: N/A | N92: N/A | O92: N/A | P92: N/A | Q92: Y
A93: 92 | B93: =SUM(A93+10000) -> 10092 | C93: 1.00 | D93: TX | E93: FREQ | F93: DEF_TX_RAD_URICHEM_FREQDAY_A_2 | G93: INDIVIDUAL PROC denial due to FREQ with INCL ANY MOD - Line Quantity (SAME DOS; SAME PROV)(QTY=1 and ADD LINE=N) | H93: QRULES-46147 | I93: PROF | J93: INDIV | K93: POLICY | L93: N/A | M93: Y | N93: 1 | O93: N | P93: PROV_ID | S93: Y
A94: 93 | B94: =SUM(A94+10000) -> 10093 | C94: 1.00 | D94: TX | E94: SINGLE_LINE | F94: DEF_TX_OBGYN_NIPS_GEN_A_2 | G94: PROC denial due to NOT PRESENT DX and-or NOT PRESENT GENDER | H94: QRULES-46148 | I94: PROF | J94: N/A | K94: N/A
A95: 94 | B95: =SUM(A95+10000) -> 10094 | C95: 2.00 | D95: TX | E95: FREQ | F95: DEF_TX_OBGYN_ULTRSND_FREQ_A | G95: INDIVIDUAL PROC denial due to FREQ with D-S EXCL MOD- Line Quantity (DAYS_RANGE; INCL SAME DAY; XPROV)(QTY>1 and ADD LINE=N) | H95: QRULES-46149 | I95: PROF | J95: INDIV | K95: POLICY | L95: DAYS_RANGE | M95: Y | N95: >1 | O95: N | P95: Across All Prov | S95: Y
A96: 95 | B96: =SUM(A96+10000) -> 10095 | C96: 1.00 | D96: TX | E96: FREQ | F96: DEF_TX_RAD_URICHEM_FREQDAY_A_3 | G96: INDIVIDUAL PROC denial due to FREQ with INCL ALL MOD LINES NULL - Line Quantity (SAME DOS; XPROV)(QTY=1 and ADD LINE=N) | H96: QRULES-46156 | I96: PROF | J96: INDIV | K96: POLICY | L96: N/A | M96: Y | N96: 1 | O96: N | P96: Across All Prov | S96: Y
A97: 96 | B97: =SUM(A97+10000) -> 10096 | C97: 1.00 | D97: TX | E97: FREQ | F97: DEF_TX_BEHAV_HLTH_MAT_SERVICES | G97: INDIVIDUAL PROC denial due to FREQ with DENY LINE EXCL MOD- Line Quantity (SAME DOS; XPROV)(QTY=1 and ADD LINE=N) | H97: QRULES-46157 | I97: PROF | J97: INDIV | K97: POLICY | L97: N/A | M97: Y | N97: 1 | O97: N | P97: Across All Prov | S97: Y
A98: 97 | B98: 10097 | C98: 1.00 | E98: FREQ | G98: INDIVIDUAL PROC denial due to FREQ with D-S INCL MOD- Line_Quantity accumulation (DAYS_RANGE; INCL SAME DAY; XPROV)(QTY>1 and ADD LINE=N) | I98: PROF | J98: INDIV | K98: POLICY | L98: DAYS_RANGE | M98: Y | N98: >1 | O98: N/A | P98: Across All Prov | S98: Y
A99: 98 | B99: =SUM(A99+10000) -> 10098 | C99: 1.00 | D99: TX | E99: FREQ | F99: DEF_TX_OPTHALMOSCOPY_EXT_A | G99: INDIVIDUAL PROC denial due to FREQ with D-S INCL MOD - Line_Quantity (SAME DOS; XPROV) (QTY=1 and ADD LINE=N) | H99: QRULES-46231 | I99: PROF | J99: INDIV | K99: POLICY | L99: N/A | M99: Y | N99: 1 | O99: N | P99: Across All Prov | S99: Y
A100: 99 | B100: =SUM(A100+10000) -> 10099 | C100: 1.00 | D100: TX | E100: SINGLE_LINE | F100: DEF_TX_DIAG_BREAST_PROC_B_1 | G100: PROC denial due to NOT PRESENT POS and/or NOT PRESENT GENDER | H100: QRULES-46215 | I100: PROF | J100: N/A | K100: N/A | L100: N/A | M100: N/A | N100: N/A | O100: N/A | P100: N/A | T100: Y | Z100: Y
...

Sheet Expected Auditing Outcomes
B1: STM PATTERN # | C1: DEFAULT Pattern # | D1: EDIT TYPE | E1: PATTERN DESCRIPTION | F1: Expected Auditing Outcome | G1: Characters | H1: Revised Date
B2: Deny individual PROC code when QTY exceeds max allowed limit on the same DOS, by any PROV, with PROV TYPE and POS present on deny and support, and two distinct MODIFIERS are present on both deny and support line | C2: =SUM($B2+10000) -> #VALUE! | D2: SINGLE_LINE | E2: PROC denial due to NOT PRESENT DX | F2: Deny PROC code if DX code is not present. | G2: =LEN('Expected Auditing Outcomes'!$F2) -> 41 | H2: 45763
B3: 2 | C3: =SUM($B3+10000) -> 10002 | D3: SINGLE_LINE | E3: =VLOOKUP('Expected Auditing Outcomes'!$B3,'Master Sheet'!A3:G1032, 7, FALSE) -> PROC denial due to NOT PRESENT MOD | F3: Deny PROC code if MOD is not present. | G3: =LEN('Expected Auditing Outcomes'!$F3) -> 37 | H3: 45763
B4: 3 | C4: =SUM($B4+10000) -> 10003 | D4: SINGLE_LINE | E4: =VLOOKUP('Expected Auditing Outcomes'!$B4,'Master Sheet'!A4:G1033, 7, FALSE) -> PROC denial due to NOT PRESENT REV (OUTPAT_FAC) | F4: Deny PROC code if revenue code is not present. | G4: =LEN('Expected Auditing Outcomes'!$F4) -> 46 | H4: 45763
B5: 4 | C5: =SUM($B5+10000) -> 10004 | D5: SINGLE_LINE | E5: =VLOOKUP('Expected Auditing Outcomes'!$B5,'Master Sheet'!A5:G1034, 7, FALSE) -> PROC denial due to NOT PRESENT POS or NULL POS | F5: Deny PROC code if POS is not present. | G5: =LEN('Expected Auditing Outcomes'!$F5) -> 37 | H5: 45763
B6: 5 | C6: =SUM($B6+10000) -> 10005 | D6: SINGLE_LINE | E6: PROC denial due to PRESENT AGE | F6: Deny if patient age is met. | G6: =LEN('Expected Auditing Outcomes'!$F6) -> 27 | H6: 45763
B7: 6 | C7: =SUM($B7+10000) -> 10006 | D7: SINGLE_LINE | E7: =VLOOKUP('Expected Auditing Outcomes'!$B7,'Master Sheet'!A7:G1036, 7, FALSE) -> PROC denial due to NOT PRESENT DX and-or NOT PRESENT MOD | F7: Deny PROC code if DX code is not present and MOD is not present. | G7: =LEN('Expected Auditing Outcomes'!$F7) -> 64 | H7: 45763
B8: 7 | C8: =SUM($B8+10000) -> 10007 | D8: WITH_SUPPORT | E8: =VLOOKUP('Expected Auditing Outcomes'!$B8,'Master Sheet'!A8:G1037, 7, FALSE) -> PROC denial due to PRESENT OTHER PROC (2-KEY D-S; SAME DOS; XPROV) | F8: Deny PROC code if present on the same DOS as the support code by any PROV. | G8: =LEN('Expected Auditing Outcomes'!$F8) -> 75 | H8: 45763
B9: 8 | C9: =SUM($B9+10000) -> 10008 | D9: SINGLE_LINE | E9: PROC denial due to PRESENT NON-COVERED PROC | F9: Deny PROC code when present. | G9: =LEN('Expected Auditing Outcomes'!$F9) -> 28 | H9: 45763
B10: 9 | C10: =SUM($B10+10000) -> 10009 | D10: SINGLE_LINE | E10: =VLOOKUP('Expected Auditing Outcomes'!$B10,'Master Sheet'!A10:G1039, 7, FALSE) -> PROC denial due to NOT PRESENT DX and-or NOT PRESENT REV (OUTPAT_FAC) | F10: Deny PROC code if DX code is not present and the revenue code is not present. | G10: =LEN('Expected Auditing Outcomes'!$F10) -> 77 | H10: 45763
B11: 10 | C11: =SUM($B11+10000) -> 10010 | D11: WITHOUT_SUPPORT | E11: PROC denial due to NOT PRESENT OTHER PROC (1-KEY D-S; SAME DOS; XPROV) | F11: Deny PROC code if support code is not present on the same DOS by any PROV. | G11: =LEN('Expected Auditing Outcomes'!$F11) -> 74 | H11: 45763
B12: 11 | C12: =SUM($B12+10000) -> 10011 | D12: SINGLE_LINE | E12: =VLOOKUP('Expected Auditing Outcomes'!$B12,'Master Sheet'!A12:G1051, 7, FALSE) -> PROC denial due to PRESENT DX | F12: Deny PROC code if DX code is present. | G12: =LEN('Expected Auditing Outcomes'!$F12) -> 37
B13: 12 | C13: =SUM($B13+10000) -> 10012 | D13: SINGLE_LINE | E13: =VLOOKUP('Expected Auditing Outcomes'!$B13,'Master Sheet'!A13:G1051, 7, FALSE) -> PROC denial due to PRESENT POS | F13: Deny PROC code if POS is present. | G13: =LEN('Expected Auditing Outcomes'!$F13) -> 33 | H13: 45763
B14: 13 | C14: =SUM($B14+10000) -> 10013 | D14: FREQ | E14: =VLOOKUP('Expected Auditing Outcomes'!$B14,'Master Sheet'!A14:G1051, 7, FALSE) -> INDIVIDUAL PROC denial due to FREQ - Line Quantity (DAYS_RANGE; INCL SAME DOS; XPROV)(QTY=1 and ADD LINE=N) | F14: Deny if PROC code qty exceeds the max allowed limit within the given days range (including the same DOS) by any PROV. | G14: =LEN('Expected Auditing Outcomes'!$F14) -> 117 | H14: 45763
B15: 14 | C15: =SUM($B15+10000) -> 10014 | D15: SINGLE_LINE | E15: =VLOOKUP('Expected Auditing Outcomes'!$B15,'Master Sheet'!A15:G1051, 7, FALSE) -> PROC denial due to PRESENT MOD | F15: Deny PROC code if MOD is present. | G15: =LEN('Expected Auditing Outcomes'!$F15) -> 33 | H15: 45763
B16: 15 | C16: =SUM($B16+10000) -> 10015 | D16: WITH_SUPPORT | E16: =VLOOKUP('Expected Auditing Outcomes'!$B16,'Master Sheet'!A16:G1051, 7, FALSE) -> PROC denial due to PRESENT OTHER PROC (1-KEY D-S; CALENDAR_MONTH; INCL SAME DOS; XPROV) | F16: Deny PROC code if present within the same calendar month as the support code (including the same DOS) by any PROV. | G16: =LEN('Expected Auditing Outcomes'!$F16) -> 115 | H16: 45763
B17: 16 | C17: =SUM($B17+10000) -> 10016 | D17: COMBO | E17: =VLOOKUP('Expected Auditing Outcomes'!$B17,'Master Sheet'!A17:G1051, 7, FALSE) -> COMBINATION (Patterns 13 + 19) | F17: Each policy should have the expected auditing outcome connected to the indivual pattern identified for that policy. | G17: =LEN('Expected Auditing Outcomes'!$F17) -> 115
B18: 17 | C18: =SUM($B18+10000) -> 10017 | D18: COMBO | E18: =VLOOKUP('Expected Auditing Outcomes'!$B18,'Master Sheet'!A18:G1051, 7, FALSE) -> COMBINATION (Patterns 20 + 25) | F18: Each policy should have the expected auditing outcome connected to the indivual pattern identified for that policy. | G18: =LEN('Expected Auditing Outcomes'!$F18) -> 115
B19: 18 | C19: =SUM($B19+10000) -> 10018 | D19: COMBO | E19: =VLOOKUP('Expected Auditing Outcomes'!$B19,'Master Sheet'!A19:G1051, 7, FALSE) -> COMBINATION (Patterns 21 + 13) | F19: Each policy should have the expected auditing outcome connected to the indivual pattern identified for that policy. | G19: =LEN('Expected Auditing Outcomes'!$F19) -> 115
B20: 19 | C20: =SUM($B20+10000) -> 10019 | D20: FREQ | E20: =VLOOKUP('Expected Auditing Outcomes'!$B20,'Master Sheet'!A20:G1051, 7, FALSE) -> INDIVIDUAL PROC denial due to FREQ - Line Quantity (SAME DOS; XPROV)(QTY=1 and ADD LINE=N) | F20: Deny PROC code if qty exceeds the max allowed limit on the same DOS by any PROV. | G20: =LEN('Expected Auditing Outcomes'!$F20) -> 80 | H20: 45763
B21: 20 | C21: =SUM($B21+10000) -> 10020 | D21: FREQ | E21: =VLOOKUP('Expected Auditing Outcomes'!$B21,'Master Sheet'!A21:G1051, 7, FALSE) -> INDIVIDUAL PROC denial due to FREQ - Line Quantity (SAME DOS; SAME PROV)(QTY=1 and ADD LINE=N) | F21: Deny PROC code if qty exceeds the max allowed limit on the same day by the same PROV. | G21: =LEN('Expected Auditing Outcomes'!$F21) -> 86 | H21: 45763
B22: 21 | C22: =SUM($B22+10000) -> 10021 | D22: SINGLE_LINE | E22: =VLOOKUP('Expected Auditing Outcomes'!$B22,'Master Sheet'!A22:G1051, 7, FALSE) -> PROC denial due to NOT PRESENT GENDER M | F22: Deny PROC code when specific gender value is not present. | G22: =LEN('Expected Auditing Outcomes'!$F22) -> 57 | H22: 45763
B23: 22 | C23: =SUM($B23+10000) -> 10022 | D23: SINGLE_LINE | E23: =VLOOKUP('Expected Auditing Outcomes'!$B23,'Master Sheet'!A23:G1051, 7, FALSE) -> PROC denial due to NOT PRESENT MOD1, AND/OR NOT PRESENT MOD2 | F23: Deny PROC code if two distinct MODs are not present on any of the MOD positions. | G23: =LEN('Expected Auditing Outcomes'!$F23) -> 80 | H23: 45763
B24: 23 | C24: =SUM($B24+10000) -> 10023 | D24: FREQ | E24: =VLOOKUP('Expected Auditing Outcomes'!$B24,'Master Sheet'!A24:G1051, 7, FALSE) -> PROC GROUP denial due to FREQ - Line Quantity (DAYS_RANGE, INCL SAME DOS; XPROV)(QTY>1 and ADD LINE=N) | F24: Deny the PROC codes in the same subgroup, in any combination, when qty exceeds the max allowed limit within the days range (including the same DOS) by any PROV. | G24: =LEN('Expected Auditing Outcomes'!$F24) -> 160 | H24: 45763
B25: 24 | C25: =SUM($B25+10000) -> 10024 | D25: SINGLE_LINE | E25: =VLOOKUP('Expected Auditing Outcomes'!$B25,'Master Sheet'!A25:G1051, 7, FALSE) -> PROC denial due to NOT PRESENT Claim_PrincipalDiag and-or NOT PRESENT BILL TYPE (ALL_FAC) | F25: Deny PROC code if Claim Principal DX is not present or if correct bill type is not present. | G25: =LEN('Expected Auditing Outcomes'!$F25) -> 92 | H25: 45763
B26: 25 | C26: =SUM($B26+10000) -> 10025 | D26: FREQ | E26: =VLOOKUP('Expected Auditing Outcomes'!$B26,'Master Sheet'!A26:G1051, 7, FALSE) -> INDIVIDUAL PROC denial due to FREQ - Line Quantity (DAYS_RANGE; INCL SAME DOS; SAME PROV)(QTY>1 and ADD LINE=N) | F26: Deny PROC code if qty exceeds the max allowed limit within the given days range (including the same DOS) by the same PROV. | G26: =LEN('Expected Auditing Outcomes'!$F26) -> 123 | H26: 45763
B27: 26 | C27: =SUM($B27+10000) -> 10026 | D27: SINGLE_LINE | E27: =VLOOKUP('Expected Auditing Outcomes'!$B27,'Master Sheet'!A27:G1051, 7, FALSE) -> PROC denial due to PRESENT AGE with INCL DX | F27: Deny PROC code if age criteria is met and DX is present. | G27: =LEN('Expected Auditing Outcomes'!$F27) -> 57 | H27: 45763
B28: 27 | C28: =SUM($B28+10000) -> 10027 | D28: FREQ | E28: =VLOOKUP('Expected Auditing Outcomes'!$B28,'Master Sheet'!A28:G1051, 7, FALSE) -> INDIVIDUAL PROC denial due to FREQ with D-S INCL DX - Line Quantity (DAYS_RANGE; INCL SAME DOS; XPROV)(QTY=1 and ADD LINE=N) | F28: Deny PROC code if qty exceeds the max allowed limit within the given days range (including the same DOS) by any PROV and DX is present on deny and support line | G28: =LEN('Expected Auditing Outcomes'!$F28) -> 159 | H28: 45763
B29: 28 | C29: =SUM($B29+10000) -> 10028 | D29: COMBO | E29: =VLOOKUP('Expected Auditing Outcomes'!$B29,'Master Sheet'!A29:G1051, 7, FALSE) -> COMBINATION (Patterns 26 + 27) | F29: Each policy should have the expected auditing outcome connected to the indivual pattern identified for that policy. | G29: =LEN('Expected Auditing Outcomes'!$F29) -> 115
B30: 29 | C30: =SUM($B30+10000) -> 10029 | D30: FREQ | E30: =VLOOKUP('Expected Auditing Outcomes'!$B30,'Master Sheet'!A30:G1051, 7, FALSE) -> INDIVIDUAL PROC denial due to FREQ - Line Quantity (DAYS_RANGE; INCL SAME DOS; XPROV)(QTY>1 and ADD LINE=N) | F30: Deny PROC code if qty exceeds the max allowed limit within the given days range (including the same DOS) by any PROV. | G30: =LEN('Expected Auditing Outcomes'!$F30) -> 117 | H30: 45763
B31: 30 | C31: =SUM($B31+10000) -> 10030 | D31: COMBO | E31: =VLOOKUP('Expected Auditing Outcomes'!$B31,'Master Sheet'!A31:G1051, 7, FALSE) -> COMBINATION (Patterns 5 + 29) | F31: Each policy should have the expected auditing outcome connected to the indivual pattern identified for that policy. | G31: =LEN('Expected Auditing Outcomes'!$F31) -> 115
B32: 31 | C32: =SUM($B32+10000) -> 10031 | D32: SINGLE_LINE | E32: =VLOOKUP('Expected Auditing Outcomes'!$B32,'Master Sheet'!A32:G1051, 7, FALSE) -> PROC denial due to PRESENT AGE with INCL MOD | F32: Deny PROC code if age criteria is met and MOD is present. | G32: =LEN('Expected Auditing Outcomes'!$F32) -> 58 | H32: 45763
B33: 32 | C33: =SUM($B33+10000) -> 10032 | D33: FREQ | E33: =VLOOKUP('Expected Auditing Outcomes'!$B33,'Master Sheet'!A33:G1051, 7, FALSE) -> INDIVIDUAL PROC denial due to FREQ with DENY MOD INCL - Line Quantity (DAYS_RANGE; INCL SAME DOS; XPROV)(QTY=1 and ADD LINE=N) | F33: Deny PROC code if qty exceeds the max allowed limit within the given days range (including the same DOS) by any PROV and MOD is present on deny line. | G33: =LEN('Expected Auditing Outcomes'!$F33) -> 150 | H33: 45763
B34: 33 | C34: =SUM($B34+10000) -> 10033 | D34: COMBO | E34: =VLOOKUP('Expected Auditing Outcomes'!$B34,'Master Sheet'!A34:G1051, 7, FALSE) -> COMBINATION (Patterns 31 + 32) | F34: Each policy should have the expected auditing outcome connected to the indivual pattern identified for that policy. | G34: =LEN('Expected Auditing Outcomes'!$F34) -> 115
B35: 34 | C35: =SUM($B35+10000) -> 10034 | D35: WITH_SUPPORT | E35: =VLOOKUP('Expected Auditing Outcomes'!$B35,'Master Sheet'!A35:G1051, 7, FALSE) -> PROC denial due to PRESENT OTHER PROC with SUPPORT EXCL MOD (1-KEY D-S; SAME DOS; XPROV) | F35: Deny PROC code when support code is present on the same day by any PROV and MOD is NOT PRESENT on support line | G35: =LEN('Expected Auditing Outcomes'!$F35) -> 110 | H35: 45763
B36: 35 | C36: =SUM($B36+10000) -> 10035 | D36: WITH_SUPPORT | E36: =VLOOKUP('Expected Auditing Outcomes'!$B36,'Master Sheet'!A36:G1051, 7, FALSE) -> PROC denial due to PRESENT OTHER PROC with SUPPORT MOD INCL (1-KEY ; SAME DOS; XPROV) | F36: Deny PROC code when support code is present on the same day by any PROV and MOD is present on support line. | G36: =LEN('Expected Auditing Outcomes'!$F36) -> 107 | H36: 45763
B37: 36 | C37: =SUM($B37+10000) -> 10036 | D37: COMBO | E37: =VLOOKUP('Expected Auditing Outcomes'!$B37,'Master Sheet'!A37:G1051, 7, FALSE) -> COMBINATION (Patterns 35 + 29) | F37: Each policy should have the expected auditing outcome connected to the indivual pattern identified for that policy. | G37: =LEN('Expected Auditing Outcomes'!$F37) -> 115
B38: 37 | C38: =SUM($B38+10000) -> 10037 | D38: SINGLE_LINE | E38: =VLOOKUP('Expected Auditing Outcomes'!$B38,'Master Sheet'!A38:G1051, 7, FALSE) -> PROC denial due to Line_Quantity >1, AND/OR NOT PRESENT MOD | F38: Deny if PROC code if line qty is greater than 1 or correct MOD is not present. | G38: =LEN('Expected Auditing Outcomes'!$F38) -> 78 | H38: 45763
B39: 38 | C39: =SUM($B39+10000) -> 10038 | D39: FREQ | E39: =VLOOKUP('Expected Auditing Outcomes'!$B39,'Master Sheet'!A39:G1051, 7, FALSE) -> PROC GROUP denial due to FREQ - Line Quantity (SAME DOS; SAME PROV)(QTY=1 and ADD LINE=N) | F39: Deny the PROC codes in the same subgroup, in any combination, when qty exceeds the max allowed limit on the same day by the same PROV. | G39: =LEN('Expected Auditing Outcomes'!$F39) -> 135 | H39: 45763
B40: 39 | C40: =SUM($B40+10000) -> 10039 | D40: COMBO | E40: =VLOOKUP('Expected Auditing Outcomes'!$B40,'Master Sheet'!A40:G1051, 7, FALSE) -> COMBINATION (Patterns 14 + 38) | F40: Each policy should have the expected auditing outcome connected to the indivual pattern identified for that policy. | G40: =LEN('Expected Auditing Outcomes'!$F40) -> 115
B41: 40 | C41: =SUM($B41+10000) -> 10040 | D41: SINGLE_LINE | E41: =VLOOKUP('Expected Auditing Outcomes'!$B41,'Master Sheet'!A41:G1051, 7, FALSE) -> PROC denial due to PRESENT DX or ALL DX NULL | F41: Deny PROC code if DX is present or all DX fields NULL. | G41: =LEN('Expected Auditing Outcomes'!$F41) -> 54 | H41: 45763
B42: 41 | C42: =SUM($B42+10000) -> 10041 | D42: COMBO | E42: =VLOOKUP('Expected Auditing Outcomes'!$B42,'Master Sheet'!A42:G1051, 7, FALSE) -> COMBINATION (Patterns 40 + 1) | F42: Each policy should have the expected auditing outcome connected to the indivual pattern identified for that policy. | G42: =LEN('Expected Auditing Outcomes'!$F42) -> 115
B43: 42 | C43: =SUM($B43+10000) -> 10042 | D43: WITH_SUPPORT | E43: =VLOOKUP('Expected Auditing Outcomes'!$B43,'Master Sheet'!A43:G1051, 7, FALSE) -> PROC denial due to PRESENT OTHER PROC (1-KEY D-S; SAME DOS; XPROV) | F43: Deny PROC code if present on the same DOS as the support code, by any PROV. | G43: =LEN('Expected Auditing Outcomes'!$F43) -> 75 | H43: 45763
B44: 43 | C44: =SUM($B44+10000) -> 10043 | D44: FREQ | E44: =VLOOKUP('Expected Auditing Outcomes'!$B44,'Master Sheet'!A44:G1051, 7, FALSE) -> PROC GROUP denial due to FREQ - Line Quantity (DAYS_RANGE, INCL SAME DOS; XPROV)(QTY=1 and ADD LINE=N) | F44: Deny PROC codes in the same subgroup, in any combination, when qty exceeds the max allowed limit within the given days range (including the same DOS) by any PROV. | G44: =LEN('Expected Auditing Outcomes'!$F44) -> 162 | H44: 45763
B45: 44 | C45: =SUM($B45+10000) -> 10044 | D45: COMBO | E45: =VLOOKUP('Expected Auditing Outcomes'!$B45,'Master Sheet'!A45:G1051, 7, FALSE) -> COMBINATION (Patterns 42 + 43) | F45: Each policy should have the expected auditing outcome connected to the indivual pattern identified for that policy. | G45: =LEN('Expected Auditing Outcomes'!$F45) -> 115
B46: 45 | C46: =SUM($B46+10000) -> 10045 | D46: COMBO | E46: =VLOOKUP('Expected Auditing Outcomes'!$B46,'Master Sheet'!A46:G1051, 7, FALSE) -> COMBINATION (Patterns 1 + 10 + 13) | F46: Each policy should have the expected auditing outcome connected to the indivual pattern identified for that policy. | G46: =LEN('Expected Auditing Outcomes'!$F46) -> 115
B47: 46 | C47: =SUM($B47+10000) -> 10046 | D47: COMBO | E47: =VLOOKUP('Expected Auditing Outcomes'!$B47,'Master Sheet'!A47:G1051, 7, FALSE) -> COMBINATION (Patterns 1 + 43) | F47: Each policy should have the expected auditing outcome connected to the indivual pattern identified for that policy. | G47: =LEN('Expected Auditing Outcomes'!$F47) -> 115
B48: 47 | C48: =SUM($B48+10000) -> 10047 | D48: FREQ | E48: =VLOOKUP('Expected Auditing Outcomes'!$B48,'Master Sheet'!A48:G1051, 7, FALSE) -> PROC GROUP denial due to FREQ with D-S EXCL MOD- Line Quantity (SAME DOS; SAME PROV)(QTY>1 and ADD LINE=N) | F48: Deny PROC codes in the same subgroup, in any combination, when qty exceeds the max allowed on the same DOS by the same PROV and specified MOD is not found on deny or support . | G48: =LEN('Expected Auditing Outcomes'!$F48) -> 176 | H48: 45763
B49: 48 | C49: =SUM($B49+10000) -> 10048 | D49: COMBO | E49: =VLOOKUP('Expected Auditing Outcomes'!$B49,'Master Sheet'!A49:G1051, 7, FALSE) -> COMBINATION (Patterns 42 + 47) | F49: Each policy should have the expected auditing outcome connected to the indivual pattern identified for that policy. | G49: =LEN('Expected Auditing Outcomes'!$F49) -> 115
B50: 49 | C50: =SUM($B50+10000) -> 10049 | D50: WITHOUT_SUPPORT | E50: =VLOOKUP('Expected Auditing Outcomes'!$B50,'Master Sheet'!A50:G1051, 7, FALSE) -> PROC denial due to NOT PRESENT OTHER PROC (1-KEY D-S; DAYS; INCL SAME DOS; XPROV) | F50: Deny PROC code if support code is NOT PRESENT within the given days BEFORE the deny line (including the same DOS) by any PROV. | G50: =LEN('Expected Auditing Outcomes'!$F50) -> 127 | H50: 45763
B51: 50 | C51: =SUM($B51+10000) -> 10050 | D51: FREQ | E51: =VLOOKUP('Expected Auditing Outcomes'!$B51,'Master Sheet'!A51:G1051, 7, FALSE) -> INDIVIDUAL PROC denial due to FREQ - Line Quantity (SAME DOS; SAME NPI)(QTY>1 and ADD LINE=N) | F51: Deny PROC code if qty exceeds the max allowed limit on the same day by the same NPI. | G51: =LEN('Expected Auditing Outcomes'!$F51) -> 85 | H51: 45763
B52: 51 | C52: =SUM($B52+10000) -> 10051 | D52: COMBO | E52: =VLOOKUP('Expected Auditing Outcomes'!$B52,'Master Sheet'!A52:G1051, 7, FALSE) -> COMBINATION (Patterns 1 + 50) | F52: Each policy should have the expected auditing outcome connected to the indivual pattern identified for that policy. | G52: =LEN('Expected Auditing Outcomes'!$F52) -> 115
B53: 52 | C53: =SUM($B53+10000) -> 10052 | D53: COMBO | E53: =VLOOKUP('Expected Auditing Outcomes'!$B53,'Master Sheet'!A53:G1051, 7, FALSE) -> COMBINATION (Patterns 5 + 19) | F53: Each policy should have the expected auditing outcome connected to the indivual pattern identified for that policy. | G53: =LEN('Expected Auditing Outcomes'!$F53) -> 115
B54: 53 | C54: =SUM($B54+10000) -> 10053 | D54: COMBO | E54: =VLOOKUP('Expected Auditing Outcomes'!$B54,'Master Sheet'!A54:G1051, 7, FALSE) -> COMBINATION (Patterns 40 + 6) | F54: Each policy should have the expected auditing outcome connected to the indivual pattern identified for that policy. | G54: =LEN('Expected Auditing Outcomes'!$F54) -> 115
B55: 54 | C55: =SUM($B55+10000) -> 10054 | D55: FREQ | E55: =VLOOKUP('Expected Auditing Outcomes'!$B55,'Master Sheet'!A55:G1051, 7, FALSE) -> INDIVIDUAL PROC denial due to FREQ with D-S INCL DX - Line Quantity (DAYS_RANGE; INCL SAME DOS; SAME PROV)(QTY>1 and ADD LINE=N) | F55: Deny PROC code if qty exceeds the max allowed limit within the given days range (including the same DOS) by same PROV and DX present on deny and support line. | G55: =LEN('Expected Auditing Outcomes'!$F55) -> 158 | H55: 45763
B56: 55 | C56: =SUM($B56+10000) -> 10055 | D56: COMBO | E56: =VLOOKUP('Expected Auditing Outcomes'!$B56,'Master Sheet'!A56:G1051, 7, FALSE) -> COMBINATION (Patterns 1 + 54 + 23) | F56: Each policy should have the expected auditing outcome connected to the indivual pattern identified for that policy. | G56: =LEN('Expected Auditing Outcomes'!$F56) -> 115
B57: 56 | C57: =SUM($B57+10000) -> 10056 | D57: COMBO | E57: =VLOOKUP('Expected Auditing Outcomes'!$B57,'Master Sheet'!A57:G1051, 7, FALSE) -> COMBINATION (Patterns 5 + 6) | F57: Each policy should have the expected auditing outcome connected to the indivual pattern identified for that policy. | G57: =LEN('Expected Auditing Outcomes'!$F57) -> 115
B58: 57 | C58: =SUM($B58+10000) -> 10057 | D58: COMBO | E58: =VLOOKUP('Expected Auditing Outcomes'!$B58,'Master Sheet'!A58:G1051, 7, FALSE) -> COMBINATION (Patterns 2 + 29) | F58: Each policy should have the expected auditing outcome connected to the indivual pattern identified for that policy. | G58: =LEN('Expected Auditing Outcomes'!$F58) -> 115
B59: 58 | C59: =SUM($B59+10000) -> 10058 | D59: WITH_SUPPORT | E59: =VLOOKUP('Expected Auditing Outcomes'!$B59,'Master Sheet'!A59:G1051, 7, FALSE) -> PROC denial due to PRESENT OTHER PROC (1-KEY D-S; SAME DOS; SAME PROV) | F59: Deny PROC code if present on the same DOS as the support code, by the same PROV. | G59: =LEN('Expected Auditing Outcomes'!$F59) -> 80 | H59: 45763
B60: 59 | C60: =SUM($B60+10000) -> 10059 | D60: COMBO | E60: =VLOOKUP('Expected Auditing Outcomes'!$B60,'Master Sheet'!A60:G1051, 7, FALSE) -> COMBINATION (Patterns 2 + 15 + 13) | F60: Each policy should have the expected auditing outcome connected to the indivual pattern identified for that policy. | G60: =LEN('Expected Auditing Outcomes'!$F60) -> 115
B61: 60 | C61: =SUM($B61+10000) -> 10060 | D61: COMBO | E61: =VLOOKUP('Expected Auditing Outcomes'!$B61,'Master Sheet'!A61:G1051, 7, FALSE) -> COMBINATION (Patterns 6 + 13) | F61: Each policy should have the expected auditing outcome connected to the indivual pattern identified for that policy. | G61: =LEN('Expected Auditing Outcomes'!$F61) -> 115
B62: 61 | C62: =SUM($B62+10000) -> 10061 | D62: COMBO | E62: =VLOOKUP('Expected Auditing Outcomes'!$B62,'Master Sheet'!A62:G1051, 7, FALSE) -> COMBINATION (Patterns 1 + 13) | F62: Each policy should have the expected auditing outcome connected to the indivual pattern identified for that policy. | G62: =LEN('Expected Auditing Outcomes'!$F62) -> 115
B63: 62 | C63: =SUM($B63+10000) -> 10062 | D63: FREQ | E63: =VLOOKUP('Expected Auditing Outcomes'!$B63,'Master Sheet'!A63:G1051, 7, FALSE) -> INDIVIDUAL PROC denial due to FREQ - Line Quantity (CALENDAR_YEAR; INCL SAME DOS; XPROV)(QTY>1 and ADD LINE=N) | F63: Deny PROC code if qty exceeds the max allowed limit within a calendar year by any PROV. | G63: =LEN('Expected Auditing Outcomes'!$F63) -> 88 | H63: 45763
B64: 63 | C64: =SUM($B64+10000) -> 10063 | D64: FREQ | E64: =VLOOKUP('Expected Auditing Outcomes'!$B64,'Master Sheet'!A64:G1051, 7, FALSE) -> INDIVIDUAL PROC denial due to FREQ - Line Quantity (CALENDAR_YEAR; INCL SAME DOS; XPROV)(QTY=1 and ADD LINE=N) | F64: Deny PROC code if qty exceeds the max allowed limit within a calendar year by any PROV. | G64: =LEN('Expected Auditing Outcomes'!$F64) -> 88 | H64: 45763
B65: 64 | C65: =SUM($B65+10000) -> 10064 | D65: FREQ | E65: =VLOOKUP('Expected Auditing Outcomes'!$B65,'Master Sheet'!A65:G1051, 7, FALSE) -> PROC GROUP denial due to FREQ - Line Quantity (DAYS_RANGE, INCL SAME DOS; SAME NPI)(QTY=1 and ADD LINE=N) | F65: Deny the PROC codes in the same subgroup, in any combination, when qty exceeds the max allowed limit within the given days range (including the same DOS) by the same NPI. | G65: =LEN('Expected Auditing Outcomes'!$F65) -> 171 | H65: 45763
B66: 65 | C66: =SUM($B66+10000) -> 10065 | D66: COMBO | E66: =VLOOKUP('Expected Auditing Outcomes'!$B66,'Master Sheet'!A66:G1051, 7, FALSE) -> COMBINATION (Patterns 22 + 15 + 29) | F66: Each policy should have the expected auditing outcome connected to the indivual pattern identified for that policy. | G66: =LEN('Expected Auditing Outcomes'!$F66) -> 115
B67: 66 | C67: =SUM($B67+10000) -> 10066 | D67: COMBO | E67: =VLOOKUP('Expected Auditing Outcomes'!$B67,'Master Sheet'!A67:G1051, 7, FALSE) -> COMBINATION (Patterns 22 + 29) | F67: Each policy should have the expected auditing outcome connected to the indivual pattern identified for that policy. | G67: =LEN('Expected Auditing Outcomes'!$F67) -> 115
B68: 67 | C68: =SUM($B68+10000) -> 10067 | D68: WITH_SUPPORT | E68: =VLOOKUP('Expected Auditing Outcomes'!$B68,'Master Sheet'!A68:G1051, 7, FALSE) -> PROC denial due to PRESENT OTHER PROC (1-KEY D-S; DAYS; INCL SAME DOS; XPROV) | F68: Deny PROC code if support code is present within given days BEFORE the deny line, including the same DOS, by any PROV. | G68: =LEN('Expected Auditing Outcomes'!$F68) -> 118 | H68: 45763
B69: 68 | C69: =SUM($B69+10000) -> 10068 | D69: FREQ | E69: =VLOOKUP('Expected Auditing Outcomes'!$B69,'Master Sheet'!A69:G1051, 7, FALSE) -> INDIVIDUAL PROC denial due to FREQ - Line Quantity (CALENDAR_MONTH; INCL SAME DOS; XPROV)(QTY=1 and ADD LINE=N) | F69: Deny if individual PROC code qty exceeds the max allowed limit within a calendar month by any PROV. | G69: =LEN('Expected Auditing Outcomes'!$F69) -> 100 | H69: 45763
B70: 69 | C70: =SUM($B70+10000) -> 10069 | D70: FREQ | E70: =VLOOKUP('Expected Auditing Outcomes'!$B70,'Master Sheet'!A70:G1051, 7, FALSE) -> PROC GROUP denial due to FREQ - Line Quantity (CALENDAR_MONTH; INCL SAME DOS; XPROV)(QTY=1 and ADD LINE=N) | F70: Deny the PROC codes in the same subgroup, in any combination, when qty exceeds the max allowed limit within the a calendar month (including the same DOS) by any PROV. | G70: =LEN('Expected Auditing Outcomes'!$F70) -> 167 | H70: 45763
B71: 70 | C71: =SUM($B71+10000) -> 10070 | D71: WITH_SUPPORT | E71: =VLOOKUP('Expected Auditing Outcomes'!$B71,'Master Sheet'!A71:G1051, 7, FALSE) -> PROC denial due to PRESENT OTHER PROC (1-KEY D-S; DAYS RANGE;INCL SAME DOS, SAME PROV) | F71: Deny PROC code if present within the given days range as the support code, by the same PROV. | G71: =LEN('Expected Auditing Outcomes'!$F71) -> 93 | H71: 45763
B72: 71 | C72: =SUM($B72+10000) -> 10071 | D72: WITH_SUPPORT | E72: =VLOOKUP('Expected Auditing Outcomes'!$B72,'Master Sheet'!A72:G1051, 7, FALSE) -> PROC denial due to PRESENT OTHER PROC with SUPPORT MOD EXCL (1-KEY D-S; SAME DOS; SAME NPI) | F72: Deny PROC code if present on the same day as the support code when MOD is not present on support line, and PROC codes are billed by the same NPI. | G72: =LEN('Expected Auditing Outcomes'!$F72) -> 146 | H72: 45763
B73: 72 | C73: =SUM($B73+10000) -> 10072 | D73: WITHOUT_SUPPORT | E73: =VLOOKUP('Expected Auditing Outcomes'!$B73,'Master Sheet'!A73:G1051, 7, FALSE) -> PROC denial due to NOT PRESENT OTHER PROC (1-KEY D-S; SAME DOS; SAME NPI) | F73: Deny PROC code when support code is not present on the same DOS by the same NPI. | G73: =LEN('Expected Auditing Outcomes'!$F73) -> 81 | H73: 45763
B74: 73 | C74: =SUM($B74+10000) -> 10073 | D74: FREQ | E74: =VLOOKUP('Expected Auditing Outcomes'!$B74,'Master Sheet'!A74:G1051, 7, FALSE) -> PROC GROUP denial due to FREQ – Line Quantity (SAME DOS, XPROV)(QTY=1 and ADD LINE=N) | F74: Deny PROC codes in the same subgroup, in any combination, when qty exceeds 1 per day by any PROV. | G74: =LEN('Expected Auditing Outcomes'!$F74) -> 98 | H74: 45763
B75: 74 | C75: =SUM($B75+10000) -> 10074 | D75: FREQ | E75: =VLOOKUP('Expected Auditing Outcomes'!$B75,'Master Sheet'!A75:G1051, 7, FALSE) -> INDIVIDUAL PROC denial due to FREQ - Line Quantity (SAME DOS; XPROV)(QTY>1 and ADD LINE=N) | F75: Deny if PROC code qty exceeds the max allowed limit on the same day by any PROV. | G75: =LEN('Expected Auditing Outcomes'!$F75) -> 80 | H75: 45763
B76: 75 | C76: =SUM($B76+10000) -> 10075 | D76: WITH_SUPPORT | E76: =VLOOKUP('Expected Auditing Outcomes'!$B76,'Master Sheet'!A76:G1051, 7, FALSE) -> PROC denial due to PRESENT OTHER PROC with SUPPORT DX INCL (1-KEY D-S; SAME DOS; XPROV) INPAT_FAC | F76: Deny PROC code if support code is present on the same day by any provider, when DX code is present on support line. | G76: =LEN('Expected Auditing Outcomes'!$F76) -> 115
B77: 76 | C77: =SUM($B77+10000) -> 10076 | D77: WITH_SUPPORT | E77: =VLOOKUP('Expected Auditing Outcomes'!$B77,'Master Sheet'!A77:G1051, 7, FALSE) -> PROC denial due to PRESENT OTHER PROC with POS INCL (1-KEY D-S; SAME DOS; XPROV) | F77: Deny PROC code if present on the same day as the support code and POS present on both deny and support line. | G77: =LEN('Expected Auditing Outcomes'!$F77) -> 108 | H77: 45763
B78: 77 | C78: =SUM($B78+10000) -> 10077 | D78: FREQ | E78: =VLOOKUP('Expected Auditing Outcomes'!$B78,'Master Sheet'!A78:G1051, 7, FALSE) -> INDIVIDUAL PROC denial due to FREQ - Line Quantity with INCL AGE (SAME DOS; XPROV)(QTY=1 and ADD LINE=N) | F78: Deny if member age is met and individual PROC code qty exceeds 1 per day across PROVs. | G78: =LEN('Expected Auditing Outcomes'!$F78) -> 87 | H78: 45763
B79: 78 | C79: =SUM($B79+10000) -> 10078 | D79: SINGLE_LINE | E79: =VLOOKUP('Expected Auditing Outcomes'!$B79,'Master Sheet'!A79:G1051, 7, FALSE) -> PROC denial due to NOT PRESENT MOD and-or NOT PRESENT REV CODE | F79: Deny PROC code if correct MOD and revenue code are not present. | G79: =LEN('Expected Auditing Outcomes'!$F79) -> 64 | H79: 45763
B80: 79 | C80: =SUM($B80+10000) -> 10079 | D80: SINGLE_LINE | E80: =VLOOKUP('Expected Auditing Outcomes'!$B80,'Master Sheet'!A80:G1051, 7, FALSE) -> PROC denial due to PRESENT PROV SPEC | F80: Deny PROC code if PROV SPEC is present | G80: =LEN('Expected Auditing Outcomes'!$F80) -> 38 | H80: 45763
B81: 80 | C81: =SUM($B81+10000) -> 10080 | D81: FREQ | E81: =VLOOKUP('Expected Auditing Outcomes'!$B81,'Master Sheet'!A81:G1051, 7, FALSE) -> INDIVIDUAL PROC denial due to FREQ with INCL AGE - Line Quantity (CALENDAR_YEAR; INCL SAME DOS; XPROV)(QTY=1 and ADD LINE=N) | F81: Deny if member age is met and individual PROC code qty exceeds 1 per calendar year across PROVs. | G81: =LEN('Expected Auditing Outcomes'!$F81) -> 97 | H81: 45763
B82: 81 | C82: =SUM($B82+10000) -> 10081 | D82: SINGLE_LINE | E82: PROC denial due to INCL AGE with NOT PRESENT DX | F82: Deny PROC code if patient's age is met and DX code is not present. | G82: =LEN('Expected Auditing Outcomes'!$F82) -> 67 | H82: 45763
B83: 82 | C83: =SUM($B83+10000) -> 10082 | D83: SINGLE_LINE | E83: =VLOOKUP('Expected Auditing Outcomes'!$B83,'Master Sheet'!A83:G1051, 7, FALSE) -> PROC denial due to NOT PRESENT Prov Spec with INCL MOD | F83: Deny PROC code if PROV SPEC is not present and MOD is present. | G83: =LEN('Expected Auditing Outcomes'!$F83) -> 64 | H83: 45763
B84: 83 | C84: =SUM($B84+10000) -> 10083 | D84: SINGLE_LINE | E84: =VLOOKUP('Expected Auditing Outcomes'!$B84,'Master Sheet'!A84:G1051, 7, FALSE) -> PROC denial due to Line_Quantity that IS_NULL | F84: Deny PROC code if line qty is NULL | G84: =LEN('Expected Auditing Outcomes'!$F84) -> 34 | H84: 45763
B85: 84 | C85: =SUM($B85+10000) -> 10084 | D85: SINGLE_LINE | E85: =VLOOKUP('Expected Auditing Outcomes'!$B85,'Master Sheet'!A85:G1051, 7, FALSE) -> PROC denial due to NOT PRESENT DX1 AND NOT PRESENT DX2 or Proc denial due to NOT PRESENT DX3. | F85: Deny PROC code if 2 distinct DX codes are not present, or deny PROC code when a third DX code is not present on the same line. | G85: =LEN('Expected Auditing Outcomes'!$F85) -> 126 | H85: 45763
B86: 85 | C86: =SUM($B86+10000) -> 10085 | D86: SINGLE_LINE | E86: =VLOOKUP('Expected Auditing Outcomes'!$B86,'Master Sheet'!A86:G1051, 7, FALSE) -> DX denial due to PRESENT POS | F86: Deny DX code if POS is present. | G86: =LEN('Expected Auditing Outcomes'!$F86) -> 32 | H86: 45763
B87: 86 | C87: =SUM($B87+10000) -> 10086 | D87: SINGLE_LINE | E87: =VLOOKUP('Expected Auditing Outcomes'!$B87,'Master Sheet'!A87:G1051, 7, FALSE) -> PROC denial due to NOT PRESENT Prov Spec | F87: Deny PROC code if PROV SPEC is not present. | G87: =LEN('Expected Auditing Outcomes'!$F87) -> 43 | H87: 45763
B88: 87 | C88: =SUM($B88+10000) -> 10087 | D88: SINGLE_LINE | E88: =VLOOKUP('Expected Auditing Outcomes'!$B88,'Master Sheet'!A88:G1051, 7, FALSE) -> PROC denial due to NOT PRESENT MOD with INCL DX | F88: Deny PROC code if MOD is not present and DX code is present. | G88: =LEN('Expected Auditing Outcomes'!$F88) -> 61 | H88: 45763
B89: 88 | C89: =SUM($B89+10000) -> 10088 | D89: COMBO | E89: =VLOOKUP('Expected Auditing Outcomes'!$B89,'Master Sheet'!A89:G1051, 7, FALSE) -> COMBINATION (Patterns 5 + 86) | F89: Each policy should have the expected auditing outcome connected to the indivual pattern identified for that policy. | G89: =LEN('Expected Auditing Outcomes'!$F89) -> 115
B90: 89 | C90: =SUM($B90+10000) -> 10089 | D90: WITH_SUPPORT | E90: =VLOOKUP('Expected Auditing Outcomes'!$B90,'Master Sheet'!A90:G1051, 7, FALSE) -> PROC denial due to PRESENT OTHER PROC with INCL AGE (1-KEY D-S; SAME DOS; SAME PROV) | F90: Deny PROC code when member age is met and support PROC code is present on the same day by the same PROV. | G90: =LEN('Expected Auditing Outcomes'!$F90) -> 105 | H90: 45763
B91: 90 | C91: =SUM($B91+10000) -> 10090 | D91: SINGLE_LINE | E91: =VLOOKUP('Expected Auditing Outcomes'!$B91,'Master Sheet'!A91:G1051, 7, FALSE) -> PROC denial due to AGE (ALL_FAC) | F91: Deny PROC code when member age is met. | G91: =LEN('Expected Auditing Outcomes'!$F91) -> 39 | H91: 45763
B92: 91 | C92: =SUM($B92+10000) -> 10091 | D92: SINGLE_LINE | E92: =VLOOKUP('Expected Auditing Outcomes'!$B92,'Master Sheet'!A92:G1051, 7, FALSE) -> PROC denial due to NOT PRESENT DX (Facility) | F92: Deny PROC code if DX code not present. | G92: =LEN('Expected Auditing Outcomes'!$F92) -> 39 | H92: 45763
B93: 92 | C93: =SUM($B93+10000) -> 10092 | D93: FREQ | E93: =VLOOKUP('Expected Auditing Outcomes'!$B93,'Master Sheet'!A93:G1051, 7, FALSE) -> INDIVIDUAL PROC denial due to FREQ with INCL ANY MOD - Line Quantity (SAME DOS; SAME PROV)(QTY=1 and ADD LINE=N) | F93: Deny if individual PROC code qty exceeds the max allowed limit on the same day, by the same PROV, and if any MOD is present. | G93: =LEN('Expected Auditing Outcomes'!$F93) -> 126 | H93: 45763
B94: 93 | C94: =SUM($B94+10000) -> 10093 | D94: SINGLE_LINE | E94: =VLOOKUP('Expected Auditing Outcomes'!$B94,'Master Sheet'!A94:G1051, 7, FALSE) -> PROC denial due to NOT PRESENT DX and-or NOT PRESENT GENDER | F94: Deny PROC code if DX code is not preset and/or gender is not present. | G94: =LEN('Expected Auditing Outcomes'!$F94) -> 70
B95: 94 | C95: =SUM($B95+10000) -> 10094 | D95: FREQ | E95: =VLOOKUP('Expected Auditing Outcomes'!$B95,'Master Sheet'!A95:G1051, 7, FALSE) -> INDIVIDUAL PROC denial due to FREQ with D-S EXCL MOD- Line Quantity (DAYS_RANGE; INCL SAME DAY; XPROV)(QTY>1 and ADD LINE=N) | F95: Deny if individual PROC code qty exceeds the max allowed limit within the given days range, including same DOS, by any PROV and MOD is not present on support and current lines. | G95: =LEN('Expected Auditing Outcomes'!$F95) -> 176 | H95: 45763
B96: 95 | C96: =SUM($B96+10000) -> 10095 | D96: FREQ | E96: =VLOOKUP('Expected Auditing Outcomes'!$B96,'Master Sheet'!A96:G1051, 7, FALSE) -> INDIVIDUAL PROC denial due to FREQ with INCL ALL MOD LINES NULL - Line Quantity (SAME DOS; XPROV)(QTY=1 and ADD LINE=N) | F96: Deny individual PROC code if qty exceeds the max allowed limit on the same day, by any PROV and any Modifier is present. | G96: =LEN('Expected Auditing Outcomes'!$F96) -> 122 | H96: 45763
B97: 96 | C97: =SUM($B97+10000) -> 10096 | D97: FREQ | E97: =VLOOKUP('Expected Auditing Outcomes'!$B97,'Master Sheet'!A97:G1051, 7, FALSE) -> INDIVIDUAL PROC denial due to FREQ with DENY LINE EXCL MOD- Line Quantity (SAME DOS; XPROV)(QTY=1 and ADD LINE=N) | F97: Deny if individual PROC code qty exceeds the 1 per day limit by any PROV and the MOD is not present on the deny line. | G97: =LEN('Expected Auditing Outcomes'!$F97) -> 118 | H97: 45763
B98: 97 | C98: =SUM($B98+10000) -> 10097 | D98: FREQ | E98: =VLOOKUP('Expected Auditing Outcomes'!$B98,'Master Sheet'!A99:G1051, 7, FALSE) -> #N/A | F98: Deny individual PROC code if qty exceeds the max allowed limit within the given days range (including same DOS) by any PROV and MOD is present on current and support lines. | G98: =LEN('Expected Auditing Outcomes'!$F98) -> 172 | H98: 45763
B99: 98 | C99: =SUM($B99+10000) -> 10098 | D99: FREQ | E99: INDIVIDUAL PROC denial due to FREQ with D-S INCL MOD - Line_Quantity (SAME DOS; XPROV) (QTY=1 and ADD LINE=N) | F99: Deny individual PROC code if qty exceeds 1 per day limit by any PROV and MOD is present on current and support lines. | G99: =LEN('Expected Auditing Outcomes'!$F99) -> 119 | H99: 45763
B100: 99 | C100: =SUM($B100+10000) -> 10099 | D100: SINGLE_LINE | E100: PROC denial due to NOT PRESENT POS and/or NOT PRESENT GENDER | F100: Deny PROC code if POS and gender are not present. | G100: =LEN('Expected Auditing Outcomes'!$F100) -> 50 | H100: 45763
...

Sheet Removed Pattern Rationale
A1: Pattern | B1: Rationale | C1: Impacted Framework
A2: 13 | B2: Pattern Crosswalked due to defect with PMM including support lines prior and after proc code effective dates. | C2: 1
A3: 16 | B3: Pattern Crosswalked due to defect with PMM including support lines prior and after proc code effective dates. | C3: 1
A4: 17 | B4: Pattern Crosswalked due to defect with PMM including support lines prior and after proc code effective dates. | C4: 1
A5: 18 | B5: Pattern Crosswalked due to defect with PMM including support lines prior and after proc code effective dates. | C5: 1
A6: 25 | B6: Pattern Crosswalked due to defect with PMM including support lines prior and after proc code effective dates. | C6: 1
A7: 27 | B7: Pattern Crosswalked due to defect with PMM including support lines prior and after proc code effective dates. | C7: 1
A8: 28 | B8: Pattern Crosswalked due to defect with PMM including support lines prior and after proc code effective dates. | C8: 1
A9: 29 | B9: Pattern Crosswalked due to defect with PMM including support lines prior and after proc code effective dates. | C9: 1
A10: 30 | B10: Pattern Crosswalked due to defect with PMM including support lines prior and after proc code effective dates. | C10: 1
A11: 32 | B11: Pattern Crosswalked due to defect with PMM including support lines prior and after proc code effective dates. | C11: 1
A12: 33 | B12: Pattern Crosswalked due to defect with PMM including support lines prior and after proc code effective dates. | C12: 1
A13: 36 | B13: Pattern Crosswalked due to defect with PMM including support lines prior and after proc code effective dates. | C13: 1
... A68: 373 | B68: Pattern Crosswalked due to defect with PMM including support lines prior and after proc code effective dates. | C68: 1
A69: C5 | B69: Pattern Crosswalked due to defect with PMM including support lines prior and after proc code effective dates. | C69: 1
A70: 285 | B70: Revenue Codes with a leading 0 should accumulate with the same revenue code without the 0. Therefore, group pattern is required for rev code policies. | C70: 1
A71: 360 | B71: Revenue Codes with a leading 0 should accumulate with the same revenue code without the 0. Therefore, group pattern is required for rev code policies. | C71: 1
A72: 361 | B72: Revenue Codes with a leading 0 should accumulate with the same revenue code without the 0. Therefore, group pattern is required for rev code policies. | C72: 1
A73: 362 | B73: Revenue Codes with a leading 0 should accumulate with the same revenue code without the 0. Therefore, group pattern is required for rev code policies. | C73: 1
A74: 400 | B74: Revenue Codes with a leading 0 should accumulate with the same revenue code without the 0. Therefore, group pattern is required for rev code policies. | C74: 1
A75: 485 | B75: Removed TOS criteria, as of 12/27/2022, clients are not passing us TOS information | C75: 2
A76: 486 | B76: Removed TOS criteria, as of 12/27/2022, clients are not passing us TOS information | C76: 2
A77: 487 | B77: Removed TOS criteria, as of 12/27/2022, clients are not passing us TOS information | C77: 2
A78: 488 | B78: Removed TOS criteria, as of 12/27/2022, clients are not passing us TOS information | C78: 2
A79: 489 | B79: Removed TOS criteria, as of 12/27/2022, clients are not passing us TOS information | C79: 2
A80: 490 | B80: Removed TOS criteria, as of 12/27/2022, clients are not passing us TOS information | C80: 2
A81: 491 | B81: Removed TOS criteria, as of 12/27/2022, clients are not passing us TOS information | C81: 2
... A158: 386 | B158: This is a dupe of 289 | C158: 1

Sheet DEFAULT_Combo Index Numbers
A1: Combo Index Number | B1: Policy Name | C1: Client | D1: Index Number Status

Sheet STM_Combo Index Numbers
A1: Combo Index Number | B1: State | C1: Index Number Status | D1: Policy Name
A2: 1 | B2: MA | C2: Submitted | D2: DEF_MA_CT_DME_POS_S_A | F2: Index Number Status | G2: Status Defined
A3: 2 | B3: CA | C3: Submitted | D3: DEF_CA_EYESCODI_1, DEF_CA_EYESCODI_2, DEF_CA_EYESCODI_3 | F3: Submitted | G3: Used by Peer Reviewers to denote combo policies have been submitted for Quality Assurance (QA)
A4: 3 | B4: NJ | C4: Submitted | D4: DEF_NJ_NL_MAT_1, DEF_NJ_NL_MAT_2 | F4: In Progress | G4: Used by developers to denote the Combo Index Number has been taken and should not be used by other developers. Peer Reviewers are to change the status from "In Progress" to "Submitted."
A5: 4 | B5: CA | C5: Submitted | D5: DEF_CA_HCPCS_J1939_1, DEF_CA_HCPCS_J1939_2
A6: 5 | B6: CA | C6: Submitted | D6: DEF_CA_CHEM_EPKINLY, DEF_CA_CHEM_EPKINLY_2
A7: 6 | B7: CA | C7: Submitted | D7: DEF_CA_INJ_FLUPHE_1, DEF_CA_INJ_FLUPHE_2, DEF_CA_INJ_FLUPHE_3
A8: 7 | B8: CA | C8: Submitted | D8: DEF_CA_HCPCS_BR_IMG_1 , DEF_CA_HCPCS_BR_IMG_2
A9: 8 | B9: CA | C9: Submitted | D9: DEF_CA_BL_Q4UPD_FLOT_1, DEF_CA_BL_Q4UPD_FLOT_2
A10: 9 | B10: CA | C10: Submitted | D10: DEF_CA_INJ_BRIX_1, DEF_CA_INJ_BRIX_2, DEF_CA_INJ_BRIX_3
A11: 10 | B11: CA | C11: Submitted | D11: DEF_CA_SARS_COV_1, DEF_CA_SARS_COV_2, DEF_CA_SARS_COV_3
A12: 11 | B12: LA | C12: Submitted | D12: DEF_LA_FS_PROFSER_SATCESS_1, DEF_LA_FS_PROFSER_SATCESS_2
A13: 12 | B13: CA | C13: Submitted | D13: DEF_CA_EYE_ULTRASOUND_1, DEF_CA_EYE_ULTRASOUND_2
A14: 13 | B14: TX | C14: In Progress | D14: DEF_TX_MH_OPDRG_BESPO_1, DEF_TX_MH_OPDRG_BESPO_2
A15: 14 | B15: CA | C15: Submitted | D15: DEF_CA_CARDIO_TEE_1, DEF_CA_CARDIO_TEE_4, DEF_CA_CARDIO_TEE_5, DEF_CA_CARDIO_TEE_6,DEF_CA_CARDIO_TEE_7,DEF_CA_CARDIO_TEE_8,DEF_CA_CARDIO_TEE_9
A16: 15 | B16: GA | C16: Submitted | D16: DEF_GA_FS_ORTH_PROS_FRQ_B_1, DEF_GA_FS_ORTH_PROS_FRQ_B_2
... A155: 157 | B155: CA | C155: In Progress | D155: DEF_CA_MH_PHYS_HCPCS21_1,DEF_CA_MH_PHYS_HCPCS21_2A,DEF_CA_MH_PHYS_HCPCS21_2B
A156: 158
A157: 159 | B157: CA | C157: In Progress | D157: DEF_CA_HCPCS_MRIGUIDE_1, DEF_CA_HCPCS_MRIGUIDE_2
A158: 160 | B158: CA | C158: In Progress | D158: DEF_CA_HCPCS_PROSTCAMAP_1, DEF_CA_HCPCS_PROSTCAMAP_2
A159: 161 | B159: CA | C159: Submitted | D159: DEF_CA_MH_PHYS_HCPCS21_1, DEF_CA_MH_PHYS_HCPCS21_2A, DEF_CA_MH_PHYS_HCPCS21_2B
A160: 162 | B160: KS | C160: In Progress | D160: DEF_KS_MH_PROF_POLY_SS_PRV_1, DEF_KS_MH_PROF_POLY_SS_PRV_2, DEF_KS_MH_PROF_POLY_SS_PRV_3, DEF_KS_MH_PROF_POLY_SS_PRV_4
A161: 163 | B161: CA | C161: In Progress | D161: DEF_CA_BL_Q4UPD_HIST_1; DEF_CA_BL_Q4UPD_HIST_2
A162: 164 | B162: MA | C162: In Progress | D162: DEF_MA_CT_DME_FREQ_S_R_1, DEF_MA_CT_DME_FREQ_S_R_2, DEF_MA_CT_DME_FREQ_S_R_3, DEF_MA_CT_DME_FREQ_S_R_4, DEF_MA_CT_DME_FREQ_S_R_5, DEF_MA_CT_DME_FREQ_S_R_6, DEF_MA_CT_DME_FREQ_S_R_7, DEF_MA_CT_DME_FREQ_S_R_8, DEF_MA_CT_DME_FREQ_S_R_9, DEF_MA_CT_DME_FREQ_S_R10, DEF_MA_CT_DME_FREQ_S_R11, DEF_MA_CT_DME_FREQ_S_R12, DEF_MA_CT_DME_FREQ_S_R13, DEF_MA_CT_DME_FREQ_S_R14, DEF_MA_CT_DME_FREQ_S_R15, DEF_MA_CT_DME_FREQ_S_R16, DEF_MA_CT_DME_FREQ_S_R17, DEF_MA_CT_DME_FREQ_S_R18, DEF_MA_CT_DME_MOD_S_A, DEF_MA_CT_DME_POS_S_F
A163: 165 | B163: MA | C163: In Progress | D163: DEF_MA_CT_OXY_FREQ_S_G, DEF_MA_CT_OXY_MOD_S_D, DEF_MA_CT_OXY_FREQ_S_E, DEF_MA_CT_OXY_FREQ_S_D, DEF_MA_CT_OXY_POS_S_A, DEF_MA_CT_OXY_POS_S_C, DEF_MA_CT_OXY_FREQ_S_H, DEF_MA_CT_OXY_FREQ_S_H2, DEF_MA_CT_OXY_FREQ_S_D2
A164: 166 | B164: MA | C164: In Progress | D164: DEF_MA_CT_OXY_FREQ_S_J, DEF_MA_CT_OXY_FREQ_S_J2, DEF_MA_CT_OXY_MOD_S_G2, DEF_MA_CT_OXY_POS_S_B
A165: 167 | B165: KS | C165: In Progress | D165: DEF_KS_MH_PROF_POLY_SS_FRQ_1, DEF_KS_MH_PROF_POLY_SS_FRQ_2
A166: 168 | B166: AZ | C166: Submitted | D166: DEF_AZ_NL_BYOOVIZ; DEF_AZ_NL_BYOOVIZ_2
A167: 169 | B167: AZ | D167: DEF_AZ_MH_UDS_FREQ_A1, DEF_AZ_MH_UDS_FREQ_A2
A168: 170 | B168: AZ | D168: DEF_AZ_MH_UDS_FREQ_B1,DEF_AZ_MH_UDS_FREQ_B2
A169: 171 | B169: AZ | D169: DEF_AZ_MH_UDS_FREQ_C1, DEF_AZ_MH_UDS_FREQ_C2
A170: 172 | B170: AZ | D170: DEF_AZ_BHS_COUNS_1, DEF_AZ_BHS_COUNS_2
A171: 173 | B171: TX | D171: DEF_TX_INJ_ELEVIDYS_1A, DEF_TX_INJ_ELEVIDYS_2, DEF_TX_INJ_ELEVIDYS_3
A172: 174 | B172: AZ | C172: In Progress | D172: DEF_AZ_NL_MTRNL_DEP_1,DEF_AZ_NL_MTRNL_DEP_2
A173: 175 | B173: AZ | C173: In Progress | D173: DEF_AZ_BHS_MHPS_1, DEF_AZ_BHS_MHPS_2
A174: 176 | B174: AZ | C174: In Progress | D174: DEF_AZ_BHS_RESPITE_SVC_1, DEF_AZ_BHS_RESPITE_SVC_1
A175: 177 | B175: AZ | C175: Submitted | D175: DEF_AZ_NL_EK_MEDROXY_1, DEF_AZ_NL_EK_MEDROXY_2
A176: 178 | B176: AZ | D176: DEF_KS_BL_TPCL_FLRDE_1, DEF_KS_BL_TPCL_FLRDE_2
A177: 179 | B177: KS | D177: DEF_KS_HOSP_SSPSG_1, DEF_KS_HOSP_SSPSG_2, DEF_KS_HOSP_SSPSG_3, DEF_KS_HOSP_SSPSG_4
A178: 180 | B178: KS | D178: DEF_KS_BL_TFLOURIDE_1, DEF_KS_BL_TFLOURIDE_2
A179: =A178+1 -> 181 | B179: TX | C179: In Progress | D179: DEF_TX_CV_NOVACC_1, DEF_TX_CV_NOVACC_2, DEF_TX_CV_NOVACC_3, DEF_TX_CV_NOVACC_4, DEF_TX_CV_NOVACC_5, DEF_TX_CV_NOVACC_6
A180: =A179+1 -> 182 | B180: TX | C180: In Progress | D180: DEF_TX_NO_COVID_ADMINF_1, DEF_TX_NO_COVID_ADMINF_2, DEF_TX_NO_COVID_ADMINF_3, DEF_TX_NO_COVID_ADMINF_4, DEF_TX_NO_COVID_ADMINF_5
A181: =A180+1 -> 183 | B181: TX | C181: In Progress | D181: DEF_TX_TELE_GCM_1, DEF_TX_TELE_GCM_2
A182: =A181+1 -> 184 | B182: TX | C182: In Progress | D182: DEF_TX_HME_TELE_MTR_2, DEF_TX_HME_TELE_MTR_1
A183: =A182+1 -> 185 | B183: AZ | C183: Submitted | D183: DEF_AZ_NL_ALC_ASSMNT_2, DEF_AZ_NL_ALC_ASSMNT_2A, DEF_AZ_NL_ALC_ASSMNT_2B
A184: =A183+1 -> 186 | B184: TX | C184: In Progress | D184: DEF_TX_HCPCS_ZYMFENTRA_1, DEF_TX_HCPCS_ZYMFENTRA_2
A185: =A184+1 -> 187 | B185: PA | C185: In Progress | D185: DEF_PA_THRPYAGE_R1_1, DEF_PA_THRPYAGE_R1_2
A186: =A185+1 -> 188 | B186: PA | C186: In Progress | D186: DEF_PA_THRPYAGE_S1_1, DEF_PA_THRPYAGE_S1_2
A187: =A186+1 -> 189 | B187: PA | C187: In Progress | D187: DEF_PA_THRPYAGE_T_1, DEF_PA_THRPYAGE_T_3, DEF_PA_THRPYAGE_T_4
A188: =A187+1 -> 190 | B188: TX | C188: Submitted | D188: DEF_TX_NF_RSVVAC_1 DEF_TX_NF_RSVVAC_2 DEF_TX_NF_RSVVAC_AGE
A189: 191 | B189: TX | C189: In Progress | D189: DEF_TX_CV_IMMUNCOUN_4, DEF_TX_CV_IMMUNCOUN_1, DEF_TX_CV_IMMUNCOUN_2, DEF_TX_CV_IMMUNCOUN_3, DEF_TX_CV_IMMUNCOUN_5, DEF_TX_CV_IMMUNCOUN_6, DEF_TX_CV_IMMUNCOUN_7, DEF_TX_CV_IMMUNCOUN_8
A190: 192 | B190: TX | C190: In Progress | D190: DEF_TX_BN_BSTR_MOD, DEF_TX_BN_BSTR12Y, DEF_TX_BN_BSTR18Y
A191: 193 | B191: TX | C191: In Progress | D191: DEF_TX_COVID_BSTR_4, DEF_TX_COVID_BSTR_5, DEF_TX_COVID_BSTR_6, DEF_TX_COVID_BSTR_7, DEF_TX_COVID_BSTR_8, DEF_TX_COVID_BSTR_9
A192: 194 | B192: TX | C192: In Progress | D192: DEF_TX_BN_NOVA, DEF_TX_BN_NOVA_NPMD, DEF_TX_BN_NOVA_FQHC, DEF_TX_BN_NOVA_PHMW, DEF_TX_BN_NOVA_NEPHRO, DEF_TX_BN_NOVA_RHCIND, DEF_TX_BN_NOVA_RHCHOS, DEF_TX_BN_NOVA_CCP, DEF_TX_BN_NOVA_HHA, DEF_TX_BN_NOVA_HOSREN,
A193: 195 | B193: TX | C193: In Progress | D193: DEF_TX_OT_INFLUVACC_1, DEF_TX_OT_INFLUVACC_2, DEF_TX_OT_INFLUVACC_3, DEF_TX_OT_INFLUVACC_4, DEF_TX_OT_INFLUVACC_5, DEF_TX_OT_INFLUVACC_6, DEF_TX_OT_INFLUVACC_7
A194: 196 | B194: FL | C194: Submitted | D194: DEF_FL_FA_FHHA_1, DEF_FL_FA_FHHA_2
A195: 197 | B195: TX | C195: In Progress | D195: DEF_PA_BL_ICS_10 DEF_PA_BL_ICS_11 DEF_PA_BL_ICS_12 DEF_PA_BL_ICS_13 DEF_PA_BL_ICS_14 DEF_PA_BL_ICS_15 DEF_PA_BL_ICS_16 DEF_PA_BL_ICS_17
A196: 198 | B196: PA | C196: In Progress | D196: DEF_PA_HCPCS_AE_6 DEF_PA_HCPCS_AE_7 DEF_PA_HCPCS_AE_8 DEF_PA_HCPCS_AE_9 DEF_PA_HCPCS_AE_10 DEF_PA_HCPCS_AE_11
A197: 199 | B197: PA | C197: In Progress | D197: DEF_PA_BL_BRSTP_RT_1 DEF_PA_BL_BRSTP_RT_2
A198: 200 | B198: PA | C198: In Progress | D198: DEF_PA_BL_ORTHOP_A DEF_PA_BL_ORTHOP_B
A199: 201 | B199: VA | C199: In Progress | D199: DEF_VA_DME_PA_A1 DEF_VA_DME_PA_A2
A200: 202 | B200: VA | C200: In Progress | D200: DEF_VA_DME_PA1M_A1, DEF_VA_DME_PA1M_A2
... A296: 298 | B296: WA | C296: In Progress | D296: DEF_WA_MH_HITP_CGM_A,DEF_WA_MH_HITP_CGM_B
A297: 299
A298: 300 | B298: WA | C298: In Progress | D298: DEF_WA_MH_MHS_PDE_FREQ_1, DEF_WA_MH_MHS_PDE_FREQ_2,
A299: 301 | B299: WA | C299: In Progress | D299: DEF_WA_MH_MHS_PDE_MGHAYC_1, DEF_WA_MH_MHS_PDE_MGHAYC_2
A300: 302 | B300: WA | C300: In Progress | D300: DEF_WA_MH_MHS_RTMS_C1, DEF_WA_MH_MHS_RTMS_C2
A301: 303 | B301: WA | C301: In Progress | D301: DEF_WA_FS_MHS_DEVSRCN_1, DEF_WA_FS_MHS_DEVSRCN_2
A302: 304 | B302: WA | C302: In Progress | D302: DEF_WA_MH_MHS_TMS_DX_1, DEF_WA_MH_MHS_TMS_DX_2
A303: 305 | B303: WA | C303: In Progress | D303: DEF_WA_MH_MHS_NJ_A_1, DEF_WA_MH_MHS_NJ_A_2
A304: 306 | B304: WA | C304: In Progress | D304: DEF_WA_MH_PHY_LAB_EPA_IBMFS_1, DEF_WA_MH_PHY_LAB_EPA_IBMFS_2, DEF_WA_MH_PHY_LAB_EPA_IBMFS_3
A305: 307 | B305: WA | C305: In Progress | D305: DEF_WA_MH_MHS_IRT_1, DEF_WA_MH_MHS_IRT_2
A306: 308 | B306: WA | C306: In Progress | D306: DEF_WA_MH_MHS_FI_1, DEF_WA_MH_MHS_FI_2
A307: 309 | B307: WA | C307: In Progress | D307: DEF_WA_MH_PHY_ORTH_PLEOP_TRN_A, DEF_WA_MH_PHY_ORTH_PLEOP_TRN_B, DEF_WA_MH_PHY_ORTH_PLEOP_TRN_C, DEF_WA_MH_PHY_ORTH_PLEOP_TRN_D
A308: 310 | B308: WA | C308: In Progress | D308: DEF_WA_MH_PHY_CORNEAL_TOPO_1, DEF_WA_MH_PHY_CORNEAL_TOPO_2
A309: 311 | B309: WA | C309: In Progress | D309: DEF_WA_MH_MHS_IRT_PS_1, DEF_WA_MH_MHS_IRT_PS_2
... A328: 329 | B328: PA | C328: In Progress | D328: DEF_PA_PHYFS_AO_1, DEF_PA_PHYFS_AO_3, DEF_PA_PHYFS_AO_4, DEF_PA_PHYFS_AO_5, DEF_PA_PHYFS_AO_6
A329: 330 | B329: PA | C329: In Progress | D329: DEF_PA_PHYFS_AGE_AP, DEF_PA_PHYFS_AGE_AP1, DEF_PA_PHYFS_AGE_AP2, DEF_PA_PHYFS_AGE_AP3, DEF_PA_PHYFS_AGE_AP4, DEF_PA_PHYFS_AGE_AP5, DEF_PA_PHYFS_AGE_AP6 | E329: ,
A330: 331 | B330: WA | C330: In Progress | D330: DEF_WA_MH_PHY_CMRA_DX_1, DEF_WA_MH_PHY_CMRA_DX_2
A331: 332 | B331: WA | C331: In Progress | D331: DEF_WA_MH_PHY_HYA_VIS_K_1, DEF_WA_MH_PHY_HYA_VIS_K_2
A332: 333 | B332: WA | C332: In Progress | D332: DEF_WA_MH_PHY_COLO_SCRN_AGE DEF_WA_MH_PHY_COLO_SCRN
A333: 334 | B333: WA | C333: In Progress | D333: DEF_WA_MH_PHY_HYA_VIS_A_1, DEF_WA_MH_PHY_HYA_VIS_A_2
A334: 335 | B334: WA | C334: In Progress | D334: DEF_WA_MH_PHY_HYA_VIS_C_1, DEF_WA_MH_PHY_HYA_VIS_C_2
A335: 336 | B335: WA | C335: In Progress | D335: DEF_WA_MH_PHY_HYA_VIS_E_1, DEF_WA_MH_PHY_HYA_VIS_E_2
A336: 337 | B336: WA | C336: In Progress | D336: DEF_WA_MH_PHY_HYA_VIS_G_1, DEF_WA_MH_PHY_HYA_VIS_G_2
A337: 338 | B337: WA | C337: In Progress | D337: DEF_WA_MH_PHY_HYA_VIS_I_1, DEF_WA_MH_PHY_HYA_VIS_I_2
A338: 339 | B338: WA | C338: In Progress | D338: DEF_WA_MH_PHY_INJ_EPA_ROMPL_1, DEF_WA_MH_PHY_INJ_EPA_ROMPL_2
A339: 340 | B339: WA | C339: In Progress | D339: DEF_WA_MH_PHY_EPA_ALLO_1, DEF_WA_MH_PHY_EPA_ALLO_2
A340: 341 | B340: WA | C340: In Progress | D340: DEF_WA_FS_PHY_ONCO_A, DEF_WA_FS_PHY_ONCO_B
A341: 342 | B341: WA | C341: In Progress | D341: DEF_WA_MH_PHY_LAB_EPA_HPVGN_1, DEF_WA_MH_PHY_LAB_EPA_HPVGN_2
... A592: 594 | B592: WI | C592: In Progress | D592: DEF_WI_FS_DMS_FREQ_T_1, DEF_WI_FS_DMS_FREQ_T_2, DEF_WI_FS_DMS_FREQ_T_3
A593: 595 | B593: TX | C593: In Progress
A594: 596 | B594: WI | C594: In Progress | D594: DEF_WI_MH_CI_MHSAS_1,DEF_WI_MH_CI_MHSAS_2
A595: 597 | B595: WI | C595: In Progress | D595: DEF_WI_MH_CI_MHPCSAI_1,DEF_WI_MH_CI_MHPCSAI_2,DEF_WI_MH_CI_MHPCSAI_3,DEF_WI_MH_CI_MHPCSAI_4,DEF_WI_MH_CI_MHPCSAI_5,DEF_WI_MH_CI_MHPCSAI_6,DEF_WI_MH_CI_MHPCSAI_7
A596: 598 | B596: NM | C596: In Progress | D596: DEF_NM_MH_BHS_MRSS_1, DEF_NM_MH_BHS_MRSS_2, DEF_NM_MH_BHS_MRSS_3
A597: 599 | B597: ID | C597: In Progress | D597: DEF_ID_MH_DMEPOS_WASS_F_1,DEF_ID_MH_DMEPOS_WASS_F_2
A598: 600 | B598: NV | C598: In Progress
A599: 601 | B599: WI | C599: In Progress | D599: DEF_WI_FS_DMEINDEX_PTA_1; DEF_WI_FS_DMEINDEX_PTA_2
A600: 602 | B600: WI | C600: In Progress | D600: DEF_WI_MH_CHIRO_SER1; DEF_WI_MH_CHIRO_SER2
A601: 603 | B601: WI | C601: In Progress | D601: DEF_WI_FS_DMEINDEX_PT_NN_1;DEF_WI_FS_DMEINDEX_PT_NN_2
...

Sheet Sheet1

Sheet DEFAULT_GROUPS
A1: Edit Type | B1: Aetna | C1: HCSC | D1: Elevance
A2: SINGLE_LINE | B2: CXT_BASE_1_486 | C2: CXT_BASE_1_491 | D2: CXT_BASE_1_496
A3: WITH_SUPPORT | B3: CXT_BASE_1_487 | C3: CXT_BASE_1_492 | D3: CXT_BASE_1_497
A4: WITHOUT_SUPPORT | B4: CXT_BASE_1_488 | C4: CXT_BASE_1_493 | D4: CXT_BASE_1_498
A5: FREQ | B5: CXT_BASE_1_489 | C5: CXT_BASE_1_494 | D5: CXT_BASE_1_499
A6: Multiple Edit Type Combination | B6: CXT_BASE_1_490 | C6: CXT_BASE_1_495 | D6: CXT_BASE_1_500

Sheet STM_GROUPS
A1: *Edit Type by State
A2: Edit Type | B2: AZ Groups | C2: CA Groups | D2: FL Groups | E2: GA Groups | F2: IA | G2: ID | H2: IL Groups | I2: KS Groups | J2: KY Groups | K2: LA Groups | L2: MA Groups | M2: MD Groups | N2: MI Groups | O2: MS Groups | P2: NE Groups | Q2: NJ Groups | R2: NM Groups | S2: NV Groups | T2: NY Groups | U2: OH Groups | V2: PA Groups | W2: SC Groups | X2: TX Groups | Y2: UT Groups | Z2: VA Groups | AA2: WA Groups | AB2: WI Groups | AC2: WVA Groups | AD2: HISTORY_DEFINITION | AE2: FIRING ORDER AMONGST OTHER STATE GROUPS | AF2: USE_EDIT_LINE_AS_SUPPORT, USE_ADD_LINE_AS_SUPPORT
A3: SINGLE_LINE | B3: CXT_BASE_1_255 | C3: CXT_BASE_1_015 | D3: CXT_BASE_1_275 | E3: CXT_BASE_1_200 | F3: CXT_BASE_1_471 | G3: CXT_BASE_1_461 | H3: CXT_BASE_1_235 | I3: CXT_BASE_1_230 | J3: CXT_BASE_1_260 | K3: CXT_BASE_1_028 | L3: CXT_BASE_1_225 | M3: CXT_BASE_1_265 | N3: CXT_BASE_1_270 | O3: CXT_BASE_1_215 | P3: CXT_BASE_1_290 | Q3: CXT_BASE_1_220 | R3: CXT_BASE_1_476 | S3: CXT_BASE_1_295 | T3: CXT_BASE_1_011 | U3: CXT_BASE_1_250 | V3: CXT_BASE_1_280 | W3: CXT_BASE_1_210 | X3: CXT_BASE_1_012 | Y3: CXT_BASE_1_285 | Z3: CXT_BASE_1_240 | AA3: CXT_BASE_1_205 | AB3: CXT_BASE_1_466 | AC3: CXT_BASE_1_245 | AD3: SINGLE_LINE | AE3: 1 | AF3: NULL
A4: WITH_SUPPORT | B4: CXT_BASE_1_256 | C4: CXT_BASE_1_017 | D4: CXT_BASE_1_276 | E4: CXT_BASE_1_201 | F4: CXT_BASE_1_472 | G4: CXT_BASE_1_462 | H4: CXT_BASE_1_236 | I4: CXT_BASE_1_231 | J4: CXT_BASE_1_261 | K4: CXT_BASE_1_029 | L4: CXT_BASE_1_226 | M4: CXT_BASE_1_266 | N4: CXT_BASE_1_271 | O4: CXT_BASE_1_216 | P4: CXT_BASE_1_291 | Q4: CXT_BASE_1_221 | R4: CXT_BASE_1_477 | S4: CXT_BASE_1_296 | T4: CXT_BASE_1_013 | U4: CXT_BASE_1_251 | V4: CXT_BASE_1_281 | W4: CXT_BASE_1_211 | X4: CXT_BASE_1_020 | Y4: CXT_BASE_1_286 | Z4: CXT_BASE_1_241 | AA4: CXT_BASE_1_206 | AB4: CXT_BASE_1_467 | AC4: CXT_BASE_1_246 | AD4: ALL_AVAILABLE | AE4: 2 | AF4: NULL (ON_BOTH will cause issues with cyclical denials allowing no lines to be paid when freq is exceeded)
A5: WITHOUT_SUPPORT | B5: CXT_BASE_1_257 | C5: CXT_BASE_1_018 | D5: CXT_BASE_1_277 | E5: CXT_BASE_1_202 | F5: CXT_BASE_1_473 | G5: CXT_BASE_1_463 | H5: CXT_BASE_1_237 | I5: CXT_BASE_1_232 | J5: CXT_BASE_1_262 | K5: CXT_BASE_1_030 | L5: CXT_BASE_1_227 | M5: CXT_BASE_1_267 | N5: CXT_BASE_1_272 | O5: CXT_BASE_1_217 | P5: CXT_BASE_1_292 | Q5: CXT_BASE_1_222 | R5: CXT_BASE_1_478 | S5: CXT_BASE_1_297 | T5: CXT_BASE_1_014 | U5: CXT_BASE_1_252 | V5: CXT_BASE_1_282 | W5: CXT_BASE_1_212 | X5: CXT_BASE_1_024 | Y5: CXT_BASE_1_287 | Z5: CXT_BASE_1_242 | AA5: CXT_BASE_1_207 | AB5: CXT_BASE_1_468 | AC5: CXT_BASE_1_247 | AD5: ALL_AVAILABLE | AE5: 3 | AF5: NULL (ON_BOTH will cause issues with cyclical denials allowing no lines to be paid when freq is exceeded)
A6: FREQ | B6: CXT_BASE_1_258 | C6: CXT_BASE_1_016 | D6: CXT_BASE_1_278 | E6: CXT_BASE_1_203 | F6: CXT_BASE_1_474 | G6: CXT_BASE_1_464 | H6: CXT_BASE_1_238 | I6: CXT_BASE_1_233 | J6: CXT_BASE_1_263 | K6: CXT_BASE_1_034 | L6: CXT_BASE_1_228 | M6: CXT_BASE_1_268 | N6: CXT_BASE_1_273 | O6: CXT_BASE_1_218 | P6: CXT_BASE_1_293 | Q6: CXT_BASE_1_223 | R6: CXT_BASE_1_479 | S6: CXT_BASE_1_298 | T6: CXT_BASE_1_009 | U6: CXT_BASE_1_253 | V6: CXT_BASE_1_283 | W6: CXT_BASE_1_213 | X6: CXT_BASE_1_019 | Y6: CXT_BASE_1_288 | Z6: CXT_BASE_1_243 | AA6: CXT_BASE_1_208 | AB6: CXT_BASE_1_469 | AC6: CXT_BASE_1_248 | AD6: ALL_AVAILABLE | AE6: 4 | AF6: NULL (ON_BOTH will cause issues with cyclical denials allowing no lines to be paid when freq is exceeded)
A7: Multiple Edit Type Combination | B7: CXT_BASE_1_259 | C7: CXT_BASE_1_025 | D7: CXT_BASE_1_279 | E7: CXT_BASE_1_204 | F7: CXT_BASE_1_475 | G7: CXT_BASE_1_465 | H7: CXT_BASE_1_239 | I7: CXT_BASE_1_234 | J7: CXT_BASE_1_264 | K7: CXT_BASE_1_035 | L7: CXT_BASE_1_229 | M7: CXT_BASE_1_269 | N7: CXT_BASE_1_274 | O7: CXT_BASE_1_219 | P7: CXT_BASE_1_294 | Q7: CXT_BASE_1_224 | R7: CXT_BASE_1_480 | S7: CXT_BASE_1_299 | T7: CXT_BASE_1_026 | U7: CXT_BASE_1_254 | V7: CXT_BASE_1_284 | W7: CXT_BASE_1_214 | X7: CXT_BASE_1_027 | Y7: CXT_BASE_1_289 | Z7: CXT_BASE_1_244 | AA7: CXT_BASE_1_209 | AB7: CXT_BASE_1_470 | AC7: CXT_BASE_1_249 | AD7: ALL_AVAILABLE | AE7: 5 | AF7: OFF
A9: *State by Edit Type
A10: State | B10: SINGLE_LINE | C10: WITH_SUPPORT | D10: WITHOUT_SUPPORT | E10: FREQ | F10: Multiple Edit Type Combination
A11: AZ | B11: CXT_BASE_1_255 | C11: CXT_BASE_1_256 | D11: CXT_BASE_1_257 | E11: CXT_BASE_1_258 | F11: CXT_BASE_1_259
A12: CA | B12: CXT_BASE_1_015 | C12: CXT_BASE_1_017 | D12: CXT_BASE_1_018 | E12: CXT_BASE_1_016 | F12: CXT_BASE_1_025
A13: FL | B13: CXT_BASE_1_275 | C13: CXT_BASE_1_276 | D13: CXT_BASE_1_277 | E13: CXT_BASE_1_278 | F13: CXT_BASE_1_279
A14: GA | B14: CXT_BASE_1_200 | C14: CXT_BASE_1_201 | D14: CXT_BASE_1_202 | E14: CXT_BASE_1_203 | F14: CXT_BASE_1_204
A15: IA | B15: CXT_BASE_1_471 | C15: CXT_BASE_1_472 | D15: CXT_BASE_1_473 | E15: CXT_BASE_1_474 | F15: CXT_BASE_1_475
A16: ID | B16: CXT_BASE_1_461 | C16: CXT_BASE_1_462 | D16: CXT_BASE_1_463 | E16: CXT_BASE_1_464 | F16: CXT_BASE_1_465
A17: IL | B17: CXT_BASE_1_235 | C17: CXT_BASE_1_236 | D17: CXT_BASE_1_237 | E17: CXT_BASE_1_238 | F17: CXT_BASE_1_239
A18: KS | B18: CXT_BASE_1_230 | C18: CXT_BASE_1_231 | D18: CXT_BASE_1_232 | E18: CXT_BASE_1_233 | F18: CXT_BASE_1_234
A19: KY | B19: CXT_BASE_1_260 | C19: CXT_BASE_1_261 | D19: CXT_BASE_1_262 | E19: CXT_BASE_1_263 | F19: CXT_BASE_1_264
A20: LA | B20: CXT_BASE_1_028 | C20: CXT_BASE_1_029 | D20: CXT_BASE_1_030 | E20: CXT_BASE_1_034 | F20: CXT_BASE_1_035
A21: MA | B21: CXT_BASE_1_225 | C21: CXT_BASE_1_226 | D21: CXT_BASE_1_227 | E21: CXT_BASE_1_228 | F21: CXT_BASE_1_229
... A39: HISTORY_DEFINITION | B39: SINGLE_LINE | C39: ALL_AVAILABLE | D39: ALL_AVAILABLE | E39: ALL_AVAILABLE | F39: ALL_AVAILABLE
A40: FIRING ORDER AMONGST OTHER STATE GROUPS | B40: 1 | C40: 2 | D40: 3 | E40: 4 | F40: 5

Sheet AGE_DESIGNATION
A1: AGE_DESIGNATION | B1: DAYS_OR_YEARS | C1: GREATER_THAN_OR_LESS_THAN | D1: AGE_1 | E1: GREATER_THAN_OR_LESS_THAN | F1: AGE_2
A2: AGE_12M | B2: DAYS | C2: > | D2: 1 | E2: < | F2: 366
A3: AGE_19_THRU_64 | B3: YEARS | C3: > | D3: 18 | E3: < | F3: 65
A4: AGE_BT10_18Y | B4: YEARS | C4: > | D4: 9 | E4: < | F4: 19
A5: AGE_BT10_55Y | B5: YEARS | C5: > | D5: 9 | E5: < | F5: 56
A6: AGE_BT10_59Y | B6: YEARS | C6: > | D6: 9 | E6: < | F6: 60
A7: AGE_BT10_60Y | B7: YEARS | C7: > | D7: 9 | E7: < | F7: 61
A8: AGE_BT11_20Y | B8: YEARS | C8: > | D8: 10 | E8: < | F8: 21
A9: AGE_BT12_17Y | B9: YEARS | C9: > | D9: 11 | E9: < | F9: 18
A10: AGE_BT16_60Y | B10: YEARS | C10: > | D10: 15 | E10: < | F10: 61
A11: AGE_BT181_1459D | B11: DAYS | C11: > | D11: 180 | E11: < | F11: 1460
A12: AGE_BT18_20Y | B12: YEARS | C12: > | D12: 17 | E12: < | F12: 21
A13: AGE_BT18_39Y | B13: YEARS | C13: > | D13: 17 | E13: < | F13: 40
... A15: AGE_BT18_65Y | B15: YEARS | C15: > | D15: 18 | E15: < | F15: 65
A16: AGE_BT19_20Y | B16: YEARS | C16: > | D16: 18 | E16: < | F16: 21 | M16: 40
A17: AGE_BT19_59Y | B17: YEARS | C17: > | D17: 18 | E17: < | F17: 60
A18: AGE_BT1_2Y | B18: DAYS | C18: > | D18: 365 | E18: < | F18: 730
A19: AGE_BT21_59Y | B19: YEARS | C19: > | D19: 20 | E19: < | F19: 60
A20: AGE_BT21_64Y | B20: YEARS | C20: > | D20: 20 | E20: < | F20: 65
A21: AGE_BT21_99Y | B21: YEARS | C21: > | D21: 20 | E21: < | F21: 100
A22: AGE_BT22_64Y | B22: YEARS | C22: > | D22: 21 | E22: < | F22: 65
A23: AGE_BT2_20Y | B23: YEARS | C23: > | D23: 1 | E23: < | F23: 21
A24: AGE_BT2_21Y | B24: DAYS | C24: > | D24: 730 | E24: < | F24: 7670
A25: AGE_BT30_2556D | B25: DAYS | C25: > | D25: 30 | E25: < | F25: 2556
A26: AGE_BT30_719D | B26: DAYS | C26: < | D26: 29 | E26: > | F26: 720
A27: AGE_BT35_39Y | B27: YEARS | C27: > | D27: 34 | E27: < | F27: 40
A28: AGE_BT365_7300D | B28: DAYS | C28: > | D28: 365 | E28: < | F28: 7300
... A44: AGE_BTW6_11Y | B44: YEARS | C44: > | D44: 5 | E44: < | F44: 12
A45: AGE_GT100Y | B45: YEARS | C45: > | D45: 100
A46: AGE_GT1024M | B46: DAYS | C46: > | D46: 31145
A47: AGE_GT10Y | B47: YEARS | C47: > | D47: 10
A48: AGE_GT11M | B48: DAYS | C48: > | D48: 330
A49: AGE_GT11Y | B49: YEARS | C49: > | D49: 11
A50: AGE_GT120Y | B50: YEARS | C50: > | D50: 120
A51: AGE_GT125Y | B51: YEARS | C51: > | D51: 125
A52: AGE_GT12Y | B52: YEARS | C52: > | D52: 12
A53: AGE_GT130Y | B53: YEARS | C53: > | D53: 130
A54: AGE_GT132M | B54: DAYS | C54: > | D54: 4015
A55: AGE_GT13Y | B55: YEARS | C55: > | D55: 13
A56: AGE_GT143M | B56: DAYS | C56: > | D56: 4345
... A68: AGE_GT1YR | B68: YEARS | C68: > | D68: 1
A69: AGE_GT1_LT18 | B69: YEARS | C69: > | D69: 1 | E69: < | F69: 18
A70: AGE_GT20Y | B70: YEARS | C70: > | D70: 20
A71: AGE_GT21Y | B71: YEARS | C71: > | D71: 21
A72: AGE_GT22Y | B72: YEARS | C72: > | D72: 22
A73: AGE_GT23M | B73: DAYS | C73: > | D73: 690
A74: AGE_GT23Y | B74: YEARS | C74: > | D74: 23
A75: AGE_GT240D | B75: DAYS | C75: > | D75: 240
A76: AGE_GT24M | B76: DAYS | C76: > | D76: 730
A77: AGE_GT24Y | B77: YEARS | C77: > | D77: 24
A78: AGE_GT25Y | B78: YEARS | C78: > | D78: 25
A79: AGE_GT26Y | B79: YEARS | C79: > | D79: 26
A80: AGE_GT27D | B80: DAYS | C80: > | D80: 27
A81: AGE_GT27Y | B81: YEARS | C81: > | D81: 27
... A86: AGE_GT2Y | B86: YEARS | C86: > | D86: 2
A87: AGE_GT2Y_LT21Y | B87: YEARS | C87: > | D87: 2 | E87: < | F87: 21
A88: AGE_GT34Y | B88: YEARS | C88: > | D88: 34
A89: AGE_GT35M | B89: DAYS | C89: > | D89: 1050
A90: AGE_GT35Y | B90: YEARS | C90: > | D90: 35
A91: AGE_GT364D | B91: DAYS | C91: > | D91: 364
A92: AGE_GT365D | B92: DAYS | C92: > | D92: 365
A93: AGE_GT37Y | B93: YEARS | C93: > | D93: 37
A94: AGE_GT39Y | B94: YEARS | C94: > | D94: 39
A95: AGE_GT3D | B95: DAYS | C95: > | D95: 3
A96: AGE_GT3M | B96: DAYS | C96: > | D96: 90
A97: AGE_GT3Y | B97: YEARS | C97: > | D97: 3
A98: AGE_GT40Y | B98: YEARS | C98: > | D98: 40
A99: AGE_GT43Y | B99: YEARS | C99: > | D99: 43
... A152: AGE_LT21Y | B152: YEARS | C152: < | D152: 21
A153: AGE_LT21Y_GT39Y | B153: YEARS | C153: < | D153: 21 | E153: > | F153: 39
A154: AGE_LT21_GT26Y | B154: YEARS | C154: < | D154: 21 | E154: > | F154: 26
A155: AGE_LT21_GT45Y | B155: YEARS | C155: < | D155: 21 | E155: > | F155: 45
A156: AGE_LT22Y | B156: YEARS | C156: < | D156: 22
A157: AGE_LT25Y | B157: YEARS | C157: < | D157: 25
A158: AGE_LT26Y | B158: YEARS | C158: < | D158: 26
A159: AGE_LT28D | B159: DAYS | C159: < | D159: 28
A160: AGE_LT28Y | B160: YEARS | C160: < | D160: 28
A161: AGE_LT29D | B161: DAYS | C161: < | D161: 29
A162: AGE_LT2D | B162: DAYS | C162: < | D162: 2
A163: AGE_LT2Y | B163: YEARS | C163: < | D163: 2
A164: AGE_LT30Y | B164: YEARS | C164: < | D164: 30
A165: AGE_LT330D | B165: DAYS | C165: < | D165: 330
A166: AGE_LT35Y | B166: YEARS | C166: < | D166: 35
A167: AGE_LT36M | B167: DAYS | C167: < | D167: 1080
... A170: AGE_LT3Y | B170: YEARS | C170: < | D170: 3
A171: AGE_LT3Y_GT5Y | B171: YEARS | C171: < | D171: 3 | E171: > | F171: 5
A172: AGE_LT40Y | B172: YEARS | C172: < | D172: 40
A173: AGE_LT40Y;AGE_GT74Y | B173: YEARS | C173: < | D173: 40 | E173: > | F173: 74
A174: AGE_LT40Y_GT64Y | B174: YEARS | C174: < | D174: 40 | E174: > | F174: 64
A175: AGE_LT42D | B175: DAYS | C175: < | D175: 42
A176: AGE_LT45Y | B176: YEARS | C176: < | D176: 45
A177: AGE_LT46Y | B177: YEARS | C177: < | D177: 46
A178: AGE_LT4M | B178: DAYS | C178: < | D178: 120
A179: AGE_LT4Y | B179: YEARS | C179: < | D179: 4
A180: AGE_LT50WK | B180: DAYS | C180: < | D180: 351
A181: AGE_LT50Y | B181: YEARS | C181: < | D181: 50
A182: AGE_LT55Y | B182: YEARS | C182: < | D182: 55
A183: AGE_LT56Y | B183: YEARS | C183: < | D183: 56
A184: AGE_LT5M | B184: DAYS | C184: < | D184: 150
A185: AGE_LT5Y | B185: YEARS | C185: < | D185: 5
...

Sheet Pattern CROSSWALK
A1: *If policy is attached to a combination pattern, please reference the individual pattern number to obtain crosswalk assignment
A2: Impacted Pattern | B2: XWALK | C2: EDIT TYPE
A3: 13 | B3: 250 | C3: FREQ
A4: 16 | B4: * | C4: COMBO
A5: 17 | B5: * | C5: COMBO
A6: 18 | B6: * | C6: COMBO
A7: 25 | B7: 405 | C7: FREQ
A8: 27 | B8: 389 | C8: FREQ
A9: 28 | B9: * | C9: COMBO
A10: 29 | B10: 250 | C10: FREQ
A11: 30 | B11: * | C11: COMBO
A12: 32 | B12: 289 | C12: FREQ
A13: 33 | B13: * | C13: COMBO
A14: 36 | B14: * | C14: COMBO
A15: 45 | B15: * | C15: COMBO
A16: 54 | B16: 390 | C16: FREQ
A17: 55 | B17: * | C17: COMBO
A18: 57 | B18: * | C18: COMBO
A19: 59 | B19: * | C19: COMBO
A20: 60 | B20: * | C20: COMBO
A21: 61 | B21: * | C21: COMBO
A22: 62 | B22: 391 | C22: FREQ
A23: 63 | B23: 391 | C23: FREQ
A24: 65 | B24: * | C24: COMBO
A25: 66 | B25: * | C25: COMBO
A26: 68 | B26: 392 | C26: FREQ
A27: 80 | B27: 393 | C27: FREQ
A28: 94 | B28: 385 | C28: FREQ
A29: 97 | B29: 386 | C29: FREQ
A30: 108 | B30: 405 | C30: FREQ
A31: 130 | B31: 389 | C31: FREQ
A32: 134 | B32: 250 | C32: FREQ
A33: 142 | B33: 394 | C33: FREQ
A34: 143 | B34: 401 | C34: FREQ
A35: 144 | B35: 387 | C35: FREQ
A36: 162 | B36: 392 | C36: FREQ
A37: 165 | B37: 395 | C37: FREQ
... A69: 373 | B69: 404 | C69: FREQ
A70: C5 | B70: * | C70: COMBO
A71: *If policy is attached to a combination pattern, look at individual pattern number to obtain crosswalk assignment

Sheet Naming Convention - Nested Cats
A1: Category Suffix Suggestions | B1: Category Structure
A2: Diagnosis | B2: (PMM_TYPE)_&CORE_DIAG
A3: Proc Code | B3: (PMM_TYPE)_&CORE_PROC
A4: Proc Code Category (WITH/WITHOUT) | B4: (PMM_TYPE)_&CORE_DENY_PROC
A5: Proc Code Category (WITH/WITHOUT) | B5: (PMM_TYPE)_&CORE_SUPPORT_PROC
A6: Place of Service | B6: (PMM_TYPE)_&CORE_POS
A7: Provider Specialty | B7: (PMM_TYPE)_&CORE_PROV_SPEC
A8: Provider Type | B8: (PMM_TYPE)_&CORE_PROV_TYPE
A9: Modifier | B9: (PMM_TYPE)_&CORE_MOD
A10: Revenue Code | B10: (PMM_TYPE)_&CORE_REV
A11: Bill Type | B11: (PMM_TYPE)_&CORE_BILL_TYPE
A12: Gender | B12: (PMM_TYPE)_&CORE_GENDER
... A18: Diagnosis ICD 10 | B18: (PMM_TYPE)_&CORE_PROC_CODE

Sheet Claim Types
A1: Number | B1: Client Policy Claim Type | C1: DataField1 | D1: Category name (Lookup2) | E1: Datafield2 | F1: Category2 | G1: DataField3 (Lookup5) | H1: Category3 name (Lookup6) | I1: DataField4 (Lookup7) | J1: Category4 name
A2: (Key 1) | B2: (Key2) | C2: (Lookup1) | E2: (Lookup3 | F2: name | J2: (Lookup8)
F3: (Lookup4)
A4: 1 | B4: PROF | C4: Claim_FacilityFlag | D4: C;VAL;!=;Y | E4: Claim_BillType | F4: C;VAL;IS_NULL
A5: 2 | B5: OUTPAT_FAC | C5: Claim_FacilityFlag | D5: C;VAL;=;Y | E5: Claim_BillType | F5: C;CAT;IN_DICT;OUTPAT_BILL_TYPE
A6: 3 | B6: INPAT_FAC | C6: Claim_FacilityFlag | D6: C;VAL;=;Y | E6: Claim_BillType | F6: C;CAT;IN_DICT;INPAT_BILL_TYPE
A7: 4 | B7: ALL_FAC | C7: Claim_FacilityFlag | D7: C;VAL;=;Y
A8: 5 | B8: OP_PROF | C8: Claim_FacilityFlag | D8: C;VAL;!=;Y | E8: Line_PlaceOfService | F8: C;CAT;IN_DICT;OUTPAT_POS
A9: 6 | B9: IP_PROF | C9: Claim_FacilityFlag | D9: C;VAL;!=;Y | E9: Line_PlaceOfService | F9: C;CAT;IN_DICT;INPAT_POS

Sheet MASTER
A1: Policy Element | B1: Description | C1: SINGLE_LINE | D1: WITH_SUPPORT | E1: WITHOUT_SUPPORT | F1: FREQ | G1: Allowed Options (if applicable)
A2: POLICY_NAME | B2: AKA Policy Acronym. MUST begin with "DEF_". 30 is the maximum number of characters for a policy name – including underscores. | C2: Required | D2: Required | E2: Required | F2: Required | G2: Variable, must begin with "DEF_", and must not exceed 30 characters, no spaces allowed.
A3: POLICY_DESCRIPTION | B3: "Long name" of policy as opposed to policy acronym. | C3: Required | D3: Required | E3: Required | F3: Required | G3: Variable according to policy.
A4: EXPECTED_AUDITING_OUTCOME | B4: Describes the purpose of the policy. It is suggesed to begin with "This policy will Deny … | C4: Required | D4: Required | E4: Required | F4: Required | G4: Variable according to policy.
A5: EDIT_VARIATION | B5: 1 Edit Variation is Required for each policy. | C5: Required | D5: Required | E5: Required | F5: Required | G5: Valid Entries: •SINGLE_LINE •WITH_SUPPORT •WITHOUT_SUPPORT •FREQ
A6: POLICY_EFFECTIVE_DATE | B6: Effective From Date of the Policy | C6: Required | D6: Required | E6: Required | F6: Required | G6: Must be in MM/DD/YYYY Format
A7: CURRENT CLAIM_TYPE | B7: Used to define the applicable claim types at the Policy Level for the Current (deny) Line. | C7: Required (if no claim type is required please indicate "NULL" in field | D7: Required (if no claim type is required please indicate "N/A" in field. | E7: Required (if no claim type is required please indicate "N/A" in field. | F7: Required (if no claim type is required please indicate "N/A" in field. | G7: Valid Entries (can add if needed): •PROF (Facility Flag not = Y and Bill Type field blank) •OUTPAT_FAC (Outpatient Bill Types) •INPAT_FAC (Inpatient Bill Types) •ALL_FAC (IP + OP) •OP _PROF •IP _PROF •NULL (equates to ALL Claim Types)
A8: SUPPORT CLAIM_TYPE | B8: Used to define the applicable claim types at the Policy Level for the Support Line. Typically for multiple line edits the support claim type equals the current claim type. | C8: N/A | D8: Required (if no claim type is required please indicate "N/A" in field. | E8: Required (if no claim type is required please indicate "N/A" in field. | F8: Required (if no claim type is required please indicate "N/A" in field. | G8: Valid Entries (can add if needed): •PROF (Facility Flag not = Y and Bill Type field blank) •OUTPAT_FAC (Outpatient Bill Types) •INPAT_FAC (Inpatient Bill Types) •ALL_FAC (IP + OP) •OP _PROF •IP _PROF •NULL (equates to ALL Claim Types)
A9: PROVIDER_MATCHING | B9: Optional for Multiple Line edits, Value can contain 1 or multiple Provider matching variation separated by a semicolon. NULL indicates edit goes across all providers | C9: N/A | D9: Required (if no provider matching is required please indicate "N/A" in field | E9: Required (if no provider matching is required please indicate "N/A" in field | F9: Required (if no provider matching is required please indicate "N/A" in field | G9: Valid entries: if not "NULL", valid entries are on PROVIDER MATCHING OPTIONS Tab in Column A (Keyword Variation), if applicable for edit type can be "NULL", or populated with 1 or more variations deparated by semi-colon without any spaces
A10: DENY_CRITERIA (applies to CURRENT Line) | B10: Defines Current Line Criteria that should be denied if all deny criteria are met for the line. | C10: Required | D10: Required | E10: Required | F10: Required | G10: Variable according to policy.
A11: SUPPORT_CRITERIA (applies to SUPPORT Line) | B11: Defines Support Line Criteria, and depending on the edit type if present, or not present will result in current line denial. | C11: N/A | D11: Required | E11: Required | F11: Required | G11: Variable according to multiple line policy.
A12: POLICY INCLUSIONS | B12: Defines Additional inclusionary criteria for a policy,For multiple line edit types can specify if it is applicable for Current lines, support lines, or both. SINGLE_LINE Edits may only use Current inclusionary criteria. | C12: Optional | D12: Optional | E12: Optional | F12: Optional | G12: Variable according to policy.
... A22: RULE_TYPE (ADD_LINE) | B22: Rule Type will be present on ADD line- has 15 character limitation. | C22: N/A | D22: N/A | E22: N/A | F22: Required If ADD_LINE is "Y" for FREQ Policy. | G22: Has 15 character limitation including underscores.
A23: EDIT_CLARIFICATION | B23: Contains numerical value Justification Id from EDIT_CLARIFICATION Category, can be either BRIEF or COMPREHENSIVE. | C23: Required | D23: Required | E23: Required | F23: Required

Sheet EDIT_CLARIFICATIONS_5.17.21
A1: EC_ID | B1: INQUIRY | C1: C_SOURCE | D1: RESPONSE | E1: THEREFORE | F1: DATE_CREATED | G1: C_TYPE | H1: STATUS | I1: USER MODIFIED | J1: DATE MODIFIED | K1: COMMENTS | L1: ERROR
A2: 22109159343 | B2: Why is this procedure denied? | C2: State Specific Medicaid Provider Manual | D2: This edit is based on procedure limitation outlined by the state Medicaid provider manual/ or bulletin. The deny apply outcome indicates the limited coverage requirement was not satisfied. | E2: Therefore, this procedure is not covered. | F2: 05/24/2019 | G2: B | H2: C | I2: Jennifer Behm | J2: 6/30/2019 3:02:57 PM
A3: 22109165079 | B3: Why is this procedure disallowed when submitted without this diagnosis? | C3: State Specific Medicaid Provider Manual | D3: This edit is based on procedure and diagnosis limitations outlined by the state Medicaid provider manual/ or bulletin. The deny apply outcome indicates the limited coverage requirement was not satisfied. | E3: Therefore, this procedure is not covered when submitted without this diagnosis. | F3: 06/25/2019 | G3: B | H3: C | I3: Khalilah Mays | J3: 6/30/2019 2:59:10 PM
A4: 22109165080 | B4: Why is this procedure disallowed when submitted without this modifier? | C4: State Specific Medicaid Provider Manual | D4: This edit is based on procedure and modifier limitations outlined by the state Medicaid provider manual/ or bulletin. The deny apply outcome indicates the limited coverage requirement was not satisfied. | E4: Therefore, this procedure is not covered when submitted without this modifier. | F4: 06/25/2019 | G4: B | H4: C | I4: Khalilah Mays | J4: 6/27/2019 1:58:23 PM
A5: 22109165081 | B5: Why is this procedure disallowed when submitted with this Revenue Code? | C5: State Specific Medicaid Provider Manual | D5: This edit is based on procedure and revenue code limitations outlined by the state Medicaid provider manual/ or bulletin. The deny apply outcome indicates the limited coverage requirement was not satisfied. | E5: Therefore, this procedure is not covered when submitted with this revenue code. | F5: 06/25/2019 | G5: B | H5: C | I5: Khalilah Mays | J5: 6/25/2019 5:40:13 AM
A6: 22109165082 | B6: Why is this procedure disallowed when submitted without a Place of Service? | C6: State Specific Medicaid Provider Manual | D6: This edit is based on procedure and place of service limitations outlined by the state Medicaid provider manual/ or bulletin. The deny apply outcome indicates the limited coverage requirement was not satisfied. | E6: Therefore, this procedure is not covered when submitted without a valid place of service. | F6: 06/25/2019 | G6: B | H6: C | I6: Khalilah Mays | J6: 6/27/2019 5:42:04 PM
A7: 22109165083 | B7: Why is this procedure disallowed when submitted with this age? | C7: State Specific Medicaid Provider Manual | D7: This edit is based on procedure and age limitations outlined by the state Medicaid provider manual/ or bulletin. The deny apply outcome indicates the limited coverage requirement was not satisfied. | E7: Therefore, this procedure is not covered when submitted with this age. | F7: 06/25/2019 | G7: B | H7: C | I7: Natasha Santiago | J7: 11/22/2019 9:40:09 PM
A8: 22109165310 | B8: Why is this procedure disallowed when submitted with this diagnosis or this modifier? | C8: State Specific Medicaid Provider Manual | D8: This edit is based on procedure, diagnosis, and or modifier limitations outlined by the state Medicaid provider manual/ or bulletin. The deny apply outcome indicates the limited coverage requirement was not satisfied. | E8: Therefore, this procedure is not covered when submitted without the appropriate diagnosis and modifier. | F8: 06/28/2019 | G8: B | H8: C | I8: Natasha Huver | J8: 2/19/2021 10:26:36 AM
A9: 22109165312 | B9: Why is this procedure code disallowed when submitted with another procedure code? | C9: State Specific Medicaid Provider Manual | D9: This edit is based on procedure to procedure limitations outlined by the state Medicaid provider manual/ or bulletin. The deny apply outcome indicates the limited coverage requirement was not satisfied. | E9: Therefore, this procedure is not covered when submitted with another procedure. | F9: 06/28/2019 | G9: B | H9: C | I9: Natasha Santiago | J9: 6/30/2019 3:01:23 PM
A10: 22109165313 | B10: Why is this procedure disallowed? | C10: State Specific Medicaid Provider Manual | D10: This edit is based on procedure limitations outlined by the state Medicaid provider manual/ or bulletin. The deny apply outcome indicates the limited coverage requirement was not satisfied. | E10: Therefore, this procedure is not covered. | F10: 06/28/2019 | G10: B | H10: C | I10: Natasha Santiago | J10: 6/30/2019 3:02:38 PM
A11: 22109165314 | B11: Why is this procedure disallowed when submitted with this revenue code and or this diagnosis code? | C11: State Specific Medicaid Provider Manual | D11: This edit is based on procedure, revenue code, and diagnosis code limitations outlined by the state Medicaid provider manual/ or bulletin. The deny apply outcome indicates the limited coverage requirement was not satisfied. | E11: Therefore, this procedure is not covered when submitted with revenue code and or diagnosis code. | F11: 06/28/2019 | G11: B | H11: C | I11: Natasha Santiago | J11: 6/30/2019 3:01:04 PM
A12: 22109165315 | B12: Why is this procedure code disallowed? | C12: State Specific Medicaid Provider Manual | D12: This edit is based on procedure to procedure limitations outlined by the state Medicaid provider manual/ or bulletin. The deny apply outcome indicates the limited coverage requirement was not satisfied. | E12: Therefore, this procedure is not covered when not submitted with another procedure. | F12: 06/28/2019 | G12: B | H12: C | I12: Natasha Huver | J12: 10/23/2020 1:21:30 PM
A13: 22109165662 | B13: Why is this procedure disallowed when submitted with this diagnosis? | C13: State Specific Medicaid Provider Manual | D13: This edit is based on procedure and diagnosis limitations outlined by the state Medicaid provider manual/ or bulletin. The deny apply outcome indicates the limited coverage requirement was not satisfied. | E13: Therefore, this procedure is not covered when submitted with this diagnosis. | F13: 07/10/2019 | G13: B | H13: C | I13: Natasha Santiago | J13: 9/19/2019 3:12:42 PM
... A82: 22112712146 | B82: Why is this condition disallowed? | C82: State Specific Medicaid Provider Manual | D82: This edit is based on diagnosis code and place of service requirements outlined by the state Medicaid provider manual/or bulletin. The deny apply outcome indicates the limited coverage requirement was not satisfied. | E82: Therefore this procedure is not covered when submitted with this diagnosis and-or place of service. | F82: 01/30/2020 | G82: B | H82: C | I82: Natasha Huver | J82: 8/13/2020 8:55:05 AM
A83: 22115374353 | B83: Why is this condition disallowed? | C83: State Specific Medicaid Provider Manual | D83: This edit is based on diagnosis code and place of service requirements outlined by the state Medicaid provider manual/or bulletin. The deny apply outcome indicates the limited coverage requirement was not satisfied. | E83: Therefore this claim line is denied based on bill type requirement. | G83: B | H83: C | I83: Khalilah Mays | J83: 6/22/2020 3:46:49 PM
A84: 22115407057 | B84: Why is this procedure code disallowed? | C84: State Specific Medicaid Provider Manual | D84: This edit is based on procedure place of service and/or modifier limitations outlined by the state Medicaid provider manual/or bulletin. The deny apply outcome indicates the limited coverage requirement was not satisfied. | E84: Therefore, this procedure is not covered when submitted with this place of service and/or with this modifier. | F84: 06/10/2020 | G84: B | H84: C | I84: Khalilah Mays | J84: 6/22/2020 3:46:48 PM
A85: 22115762764 | B85: Why is this procedure code disallowed? | C85: State Specific Medicaid Provider Manual | D85: This edit is based on procedure, revenue code, bill type, and diagnosis code limitations outlined by the state Medicaid provider manual/ or bulletin. The deny apply outcome indicates the limited coverage requirement was not satisfied. | E85: Therefore, this procedure is not covered when submitted with this revenue code, bill type, and or diagnosis code. | F85: 7/16/2019 | G85: B | H85: C | I85: Natasha Huver | J85: 8/13/2020 8:55:19 AM
A86: 22115762766 | B86: Why is this procedure code disallowed? | C86: State Specific Medicaid Provider Manual | D86: This edit is based on procedure, revenue code, bill type, and place of service limitations outlined by the state Medicaid provider manual/ or bulletin. The deny apply outcome indicates the limited coverage requirement was not satisfied. | E86: Therefore, this procedure is not covered when submitted with this revenue code, bill type, and or place of service. | F86: 07/16/2019 | G86: B | H86: C | I86: Natasha Huver | J86: 8/13/2020 8:55:19 AM
A87: 22116714593 | B87: Why is this procedure denied? | C87: State Specific Medicaid Provider Manual | D87: This edit is based on procedure, provider type/provider spec, diagnosis and place of service guideliens outlined by the state Medicaid provider manual/ or bulletin. The deny apply outcome indicates the limited coverage requirement was not satisfied. | E87: Therefore, this procedure is not covered when submitted with this provider specialty/provider type, diagnosis code, and place of service | F87: 10/06/2020 | G87: B | H87: C | I87: Natasha Huver | J87: 10/14/2020 9:57:44 AM
A88: 22116734151 | B88: Why is this procedure denied? | C88: State Specific Medicaid Provider Manual | D88: This edit is based on procedure bill type limitations for facility claim types outlined by the state Medicaid provider manual/ or bulletin. The deny apply outcome indicates the limited coverage requirement was not satisfied. | E88: Therefore, this procedure is not covered when submitted without an appropriate bill type. | F88: 10/15/2020 | G88: B | H88: C | I88: Kerianne Bauman | J88: 10/23/2020 1:21:34 PM
A89: 22117766621 | B89: Why is this procedure denied? | C89: State Specific Medicaid Provider Manual | D89: This edit is based on procedure diagnosis and provider specialty guideliens outlined by the state Medicaid provider manual/ or bulletin. The deny apply outcome indicates the limited coverage requirement was not satisfied. | E89: Therefore, this procedure is not covered when submitted with this provider specialty and diagnosis code | F89: 11/22/2020 | G89: B | H89: C | I89: Natasha Huver | J89: 11/25/2020 10:36:38 AM
A90: 22117822534 | B90: Why is this revenue code disallowed? | C90: State Specific Medicaid Provider Manual | D90: This edit is based on revenue code limitations outlined by the state Medicaid provider manual/ or bulletin. The deny apply outcome indicates the limited coverage requirement was not satisfied. | E90: Therefore, this revenue code is not covered when submitted without other appropriate revenue codes. | G90: B | H90: C | I90: Kerianne Bauman | J90: 12/27/2020 6:35:34 PM
A91: 22117822535 | B91: Why is this revenue code disallowed? | C91: State Specific Medicaid Provider Manual | D91: This edit is based on revenue code limitations outlined by the state Medicaid provider manual/ or bulletin. The deny apply outcome indicates the limited coverage requirement was not satisfied. | E91: Therefore, this revenue code is not covered when submitted without other appropriate procedure codes. | G91: B | H91: C | I91: Kerianne Bauman | J91: 12/27/2020 6:35:54 PM
A92: 22118081231 | B92: Why is this procedure disallowed when submitted with this Provider Type? | C92: State Specific Medicaid Provider Manual | D92: This edit is based on procedure and provider type limitations outlined by the state Medicaid provider manual/ or bulletin. The deny apply outcome indicates the limited coverage requirement was not satisfied. | E92: Therefore, this procedure is not covered when submitted with this provider type | F92: 02/01/2021 | G92: B | H92: C | I92: Natasha Huver | J92: 2/11/2021 4:53:19 PM
A93: 22118092669 | B93: Why is this procedure disallowed when submitted with these modifiers? | C93: State Specific Medicaid Provider Manual | D93: This edit is based on procedure, modifier, and age limitations outlined by the state Medicaid provider manual/ or bulletin. The deny apply outcome indicates the limited coverage requirement was not satisfied. | E93: Therefore, this procedure is not covered when submitted with these modifiers and this age. | F93: 2/11/2021 | G93: B | H93: C | I93: Natasha Huver | J93: 2/11/2021 4:53:18 PM
A94: 22119083306 | B94: Why is this procedure disallowed when submitted with this modifier and bill type? | C94: State Specific Medicaid Provider Manual | D94: This edit is based on procedure and modifier and bill type limitations outlined by the state Medicaid provider manual/ or bulletin. The deny apply outcome indicates the limited coverage requirement was not satisfied. | E94: Therefore, this procedure is not covered when submitted with this modifier and bill type. | G94: B | H94: C | I94: Jennifer Behm | J94: 4/22/2021 11:59:02 AM
A95: 22119083307 | B95: Why is this procedure disallowed when submitted with this diagnosis? | C95: State Specific Medicaid Provider Manual | D95: This edit is based on diagnosis and bill type limitations outlined by the state Medicaid provider manual/ or bulletin. The deny apply outcome indicates the limited coverage requirement was not satisfied. | E95: Therefore, this procedure is not covered when submitted with this diagnosis. | G95: B | H95: C | I95: Jennifer Behm | J95: 4/22/2021 12:00:19 PM
A96: 22119466530 | B96: Why is this procedure disallowed? | C96: State Specific Medicaid Provider Manual | D96: This edit is based on procedure, condition code and bill type limitations outlined by the state Medicaid provider manual/ or bulletin. The deny apply outcome indicates the limited coverage requirement was not satisfied. | E96: Therefore, this procedure is not covered when submitted with this condition code and bill type. | G96: B | H96: C | I96: Natasha Huver | J96: 5/17/2021 12:28:16 PM
A97: 22119475339 | B97: Why is this procedure disallowed? | C97: State Specific Medicaid Provider Manual | D97: This edit is based on provider type and bill type limitations outlined by the state Medicaid provider manual/ or bulletin. The deny apply outcome indicates the limited coverage requirement was not satisfied. | E97: Therefore, this procedure is not covered when submitted with this bill type and provider type. | F97: 05/17/2021 | G97: B | H97: C | I97: Natasha Huver | J97: 5/17/2021 2:06:21 PM

Sheet Rules Flat Parameters
A1: 11/22/19 - USE_ADD_LINE_AS_SUPPORT, and USE_ADD_EDIT_AS_SUPPORT set to "OFF" for all groups.
A2: *Reason - Add line is off by default for all STM policies
A4: Parameter | B4: Possible Values | C4: 5.0 Default Value | D4: Description | E4: SINGLE_LINE Edit Parameter Setting | F4: WITH_SUPPORT, WITHOUT_SUPPORT Parameter Setting | G4: FREQ Edit Parameter Setting | H4: MULTIPLE_LINE Edit Type Combo group Setting | I4: Scope | J4: CXT Component | K4: Comments / To-do
A5: USE_ADD_LINE_AS_SUPPORT | B5: ON-SAME , ON-DIFF, ON-BOTH, OFF | C5: OFF at Engine Level (See Rules Table for Rule Level) | D5: Allows to use as a support line a line that is added by the same rule (if "ON-SAME"), by a different rule (if "ON-DIFF") or by any rule (if "ON-BOTH"). "OFF" indicates that the parameter will not allow the "subsequent" action to occur on a line used in a case. | E5: OFF | F5: OFF | G5: OFF | H5: OFF | I5: Engine and Rule Level | J5: CREngine | K5: Available on individual rule level and engine level. If the parameter is set on a rule, it is used. If it is not set ( is NULL in DB ) then we take the Global setting of the config parameter. Default value is OFF per Dev Review. NOTE: This parameter governs how the lines in cases by the "current" rule will behave in subsequent processing of lines. Example: Both Rule 1 and Rule 2 can ADD a line. If Rule 2 wants to use the ADD line as support from Rule 1, then Rule 1 parameter (or Engine level setting if Rule 1 is null) for the "USE_ADD_LINE_AS_SUPPORT" parameter would need to be set to ON-DIFF or ON-BOTH.
A6: USE_EDIT_LINE_AS_SUPPORT | B6: ON-SAME , ON-DIFF, ON-BOTH, OFF | C6: OFF at Engine Level (See Rules Table for Rule Level) | D6: Allows to use as a support line a line that is denied (deleted) by the same rule (if "ON-SAME"), by a different rule (if "ON-DIFF") or by any rule (if "ON-BOTH"). "OFF" indicates that the parameter will not allow the "subsequent" action to occur on a line used in a case. | E6: OFF | F6: OFF | G6: OFF | H6: OFF | I6: Engine and Rule Level | J6: CREngine | K6: Available on individual rule level and engine level. If the parameter is set on a rule, it is used. If it is not set ( is NULL in DB ) then we take the Global setting of the config parameter. Default value is OFF per Dev Review. NOTE: This parameter governs how the lines in cases by the "current" rule will behave in subsequent processing of lines. Example: Both Rule 1 and Rule 2 can DENY (EDIT) a line. If Rule 2 wants to use the DENY line as support from Rule 1, then Rule 1 parameter (or Engine level setting if Rule 1 is null) for the "USE_EDIT_LINE_AS_SUPPORT" parameter would need to be set to ON-DIFF or ON-BOTH.
A7: EDIT_SUPPORT_LINE | B7: ON-SAME , ON-DIFF, ON-BOTH, OFF | C7: ON-BOTH at Engine Level | D7: Allows denial of the lines used as support by the same rule (if "ON-SAME"), by a different rule (if "ON-DIFF") or by any rule (if "ON-BOTH"). "OFF" indicates that the parameter will not allow the "subsequent" action to occur on a line used in a case. NOTE: support line must come from current claim in order to be considered again for editing if history processing mode set to CURRENT_TO_HISTORY. | E7: ON_BOTH | F7: ON_BOTH | G7: ON_BOTH | H7: ON_BOTH | I7: Engine Level | J7: CREngine | K7: This parameter only exists at the global/engine level. It does not exist at the rule level. In regards to the expected behavior of the engine, and due to the nature that the rules evaluate lines, the engine cannot prevent the denial of SUPPORT lines in subsequently firing rules. On the other hand, and by design, the engine will not deny a support line in the same rule. (This is done to prevent what is commonly called “looping”—within one rule, we would not want to DENY Line 1 and using Line 2 as SUPPORT in Case 1 and then DENY Line 2 using Line 1 as SUPPORT in Case 2). Even though this global parameter still exists in the software , it should not be changed from the indicated DEFAULT value as, regardless of setting, our engine will respond as indicated above.
A8: HISTORY_PROCESSING_MODE | B8: CURRENT_AND_HISTORY or CURRENT_TO_HISTORY | C8: CURRENT_AND_HISTORY | D8: Defines how the history (passed by customer or pulled from ODS) processing is handled. CURRENT_AND_HISTORY – first, process current claim against history and then history claims against current CURRENT_TO_HISTORY – process current claim against history, do not process history | E8: CURRENT_AND_HISTORY | F8: CURRENT_AND_HISTORY | G8: CURRENT_AND_HISTORY | H8: CURRENT_AND_HISTORY | I8: Engine Level | J8: CREngine | K8: NOTE: Historical claims can always be used for SUPPORT regardless of configuration setting. This parameter controls whether the engine will take "active" line actions on history claims.
A9: HISTORY_CASE_CERTAINTY | B9: APPLY, REVIEW, OFF | C9: REVIEW | D9: Set case CERTAINTY property value with this parameter value if case has at least one deny line that is a history line. History line is identified if history_flag property is set to 'Y'. Value of OFF should turn off CERTAINTY property assignment. | E9: REVIEW | F9: REVIEW | G9: REVIEW | H9: REVIEW | I9: Engine Level | J9: CREngine | K9: Setting value to OFF will not result in CERTAINTY being null, but rather the value determined in case creation will remain.
A10: Policy: "no history to history denials" | B10: N/A | D10: Cases without current claim lines are not allowed. Current claim line is identified as the one where history_flag field value is N or null. This policy can not be disabled. | E10: N/A | F10: N/A | G10: N/A | H10: N/A | I10: Engine Level | J10: CREngine | K10: This is a history processing requirement and is implemented inside the rule engine.
A11: HISTORY_BREAK_FIELDS | B11: List of valid field names | C11: member_id provider_id | D11: When loading and processing TSG scenarios, the history pool needs to be reset on the change of value of this combination of fields. | E11: N/A | F11: N/A | G11: N/A | H11: N/A | I11: Engine Level | J11: Rule Engine (Tcl) icTSGProcessor.tcl and RuleTester.tcl | K11: Used only during TSG unit testing ! HISTORY_BREAK_FIELDS is a parameter only used for TSGProcessor component of Rules Generator built-in unit test harness. They use this to separate history set of flat lines into individual claims
A12: EXCLUDE_ODS_REVERSED_LINES | B12: Y or N | C12: Y | D12: Exclude lines with reversed_flag=Y from Master ODS History pull. Effectively this flag set to Y will add a condition claim_line.reversed_flag != Y to the ODS History SQL where clause. | E12: Y | F12: Y | G12: Y | H12: Y | I12: Engine Level | J12: Rulr Engine (Tcl)
A13: MAX_HISTORY_DEPTH | B13: Positive integer number | C13: 5,000 | D13: Defines maximum number of history lines allowed for processing. | E13: N/A | F13: N/A | G13: N/A | H13: N/A | I13: Engine Level | J13: Rulr Engine (Tcl) | K13: CREngine will raise an error and error handling mechanizms will be employed to handle such error.
A14: MAX_LINES | B14: Positive integer number | C14: 5,500 | D14: Defines maximum number of all lines (current+history) allowed to enter transaction and during rules processing. | E14: N/A | F14: N/A | G14: N/A | H14: N/A | I14: Initialization, All Rules Processing | J14: CREngine | K14: CREngine will raise an error and error handling mechanizms will be employed to handle such error.
A15: EXPAND_QUANTITY | B15: CURRENT_AND_ HISTORY, CURRENT_ONLY, or OFF | C15: CURRENT_AND_HISTORY | D15: Whetherr quantity expansion logic should be invoked or not and scope of (current, history lines or both). | E15: OFF | F15: OFF | G15: OFF | H15: OFF | I15: Quantity Expansion | J15: Rule Engine (Tcl) | K15: default value changed per TPPCXT-4826 (Joy)
A16: EXPAND_DIFF_DOS | B16: Y/N | C16: Y | D16: Should lines with different from and through dates of service be expanded. | E16: N | F16: N | G16: N | H16: N | I16: Quantity Expansion | J16: Rule Engine (Tcl)
A17: EXPAND_FACILITY_SWITCH | B17: ALL, NONE, SOME | C17: SOME | D17: Should facility claim lines (hospital_flag=Y) be subject for expansion. | E17: NONE | F17: NONE | G17: NONE | H17: NONE | I17: Quantity Expansion | J17: Rule Engine (Tcl)
A18: MAX_LINE_QTY | B18: Positive integer number | C18: 50 | D18: Lines with a quantity greater than this should not be expanded (considered a typo on the claim line). | I18: Quantity Expansion | J18: Rule Engine (Tcl) | K18: default value changed per TPPCXT-4826 (Joy)
A19: QUANTITY_EXPANSION_LOG | B19: ON, OFF | C19: OFF | D19: When set to ON, logging of the "in flight" expansion will occur. Introduced to assist with QA testting. Not recommended to be turned on in a Production environment. Internal-use only suggested. | I19: Quantity Expansion | J19: Rule Engine | K19: Not recommended to be turned on in a Production environment. Internal-use only suggested.
A20: TIMEOUT_INTERVAL | B20: Positive, Floating point, number of seconds, 0 means "no timeout" | C20: 20 | D20: Defines the timeout value for the processing of a single transaction (claim) against all the rules. | I20: Engine Level | J20: CREngine | K20: Default value of 20 per Development Review.
A21: DEBUG | B21: Y or N | C21: N | D21: Writes debug messages into the engine log file. NOTE: Works only with the "debug" version of the software | I21: Engine Level | J21: CREngine
A22: LOG_METRICS | C22: N | D22: Writes into engine log the break-down of the overall transaction processing time and other related metrics. | I22: Engine Level | J22: CREngine
A23: MASTER_EXCLUSION_CATEGORY | B23: Dictionary Category name | C23: ALL_EXCLUSIONS | D23: Name of the category to define a references to rule/field exclusions. This two-key category must have first key as a rule acronym, second key as a field_name (as per IC Data Mapping Worksheet TCOP REG tab) and a single lookup value of a referenced category name with all exclusion values for this rule/field combination. | E23: ALL_EXCLUSIONS | F23: ALL_EXCLUSIONS | G23: ALL_EXCLUSIONS | I23: Engine Level | J23: CREngine | K23: Implemented in CXT 4.1a release only as of 1/31/2008
A24: COMPARE_EXCLUSIONS_CATEGORY | B24: Dictionary Category name | C24: COMPARE_EXCLUSIONS | D24: Name of the category to define a references to rule/field exclusions. This two-key category must have first key as a rule acronym, second key as a field_name (as per IC Data Mapping Worksheet TCOP REG tab) and a single lookup value of a referenced category name with all exclusion values for this rule/field combination. | E24: COMPARE_EXCLUSIONS | F24: COMPARE_EXCLUSIONS | G24: COMPARE_EXCLUSIONS | I24: Engine Level | J24: CREngine | K24: Implemented for 5.0
A25: AUDIT_GROUPS_CATEGORY | B25: Dictionary Category name | C25: AUDIT_GROUPS | D25: Name of the category to define the "Audit As A Group" criteria. This category will have first key as a keyword of ANY_MOD, and second key as a line procedure modifier value. The lookup contains a number (to two decimals) to establish the grouping hierarchy. | E25: AUDIT_GROUPS | F25: AUDIT_GROUPS | G25: AUDIT_GROUPS | I25: Engine Level | J25: CREngine | K25: Implemented for 5.0
A26: VALIDATE_EXCL_RULE_NAME | B26: Y/N | C26: N | D26: If Y Rule Engine will validate correct rules acronym in key column 2 of the dictionary category referenced by MASTER_EXCLUSION_CATEGORY/COMPARE_EXCLUSIONS_CATEGORY configuration parameter. Rule name validation perfromed agains all rules names availabe in loaded rule DLL file(s). | E26: N | F26: N | G26: N | I26: Engine Level | J26: CREngine | K26: Default value of "N" per Development Review. Added reference to 5.0-- COMPARE_EXCLUSIONS_CATEGORY
A27: RULE_JUSTIFICATION_CATEGORY | B27: Dictionary Category name | C27: RULE_MULT_JUSTIF | D27: Name of the dictionary category that contains the table of brief and comprehensive edit clarifications (EC) per each rule acronym. The rule engine will set these ECs on each case (and leave them empty for the rules missing from this category). | E27: RULE_MULT_JUSTIF | F27: RULE_MULT_JUSTIF | G27: RULE_MULT_JUSTIF | I27: Engine Level | J27: CREngine
A28: RULES_DLL_LIST | B28: Windows file full path name | C28: none | D28: Required. Defines llocation(s) of the rules DLLs . | I28: Engine Level | J28: Rule Engine (Tcl)
A29: CLAIMS_DLL | B29: Windows file full path name | C29: none | D29: Required. Defines llocation of the claims DLL. | I29: Engine Level | J29: Rule Engine (Tcl)
A30: LINE_GROUP_FIELD | B30: valid claim line field name | C30: ic_claim_version_id | D30: Name of the claim line field that engine uses to group together the lines that belong to the same claim version. | I30: Engine Level | J30: mapping | K30: DO NOT CHANGE.
A31: CURRENT_LINE_SORT_ORDER | B31: comma separated list of fields with sorting predicates "ascending" or "descending". | C31: (see Sort Order worksheet) | D31: Order of evaluation of the lines on the current claim | I31: Engine Level | J31: mapping | K31: For additional information on sorting-- please see "Sort Order" tab and click on "Additional Information" link.
A32: HIST_LINE_SORT_ORDER | B32: ? | C32: ? | D32: Order of evaluation of the lines on the support claim | I32: Engine Level | J32: mapping
A33: PROC_MOD_COUNT | B33: Positive integer number | C33: (see Comments) | D33: For rules that add modifers, this restricts the potential fields where the new mod can be added. See spec "add_modifier specs_v4_clients.doc" | I33: Engine Level | J33: mapping | K33: if value not specified then count equal to count of proc_mod_N fields, where N - integer
A34: editingType | B34: PREVIEW, FINAL_FILTER | C34: default behavior is FINAL_FILTER | D34: Used in calculating SavedAmount on CaseLine. Assumes that when "FINAL_FILTER" that claim lines will have non-null ClaimLine.PaidAmount | I34: Engine Level | J34: CREngine | K34: For additional information on Savings Calculations see: http://mhssp.mckesson.com/Projects/cxt50/tsteam/Developer%20Technical%20Docs/Rule%20Engine/Calculation%20of%20SavedAmount%20on%20CaseLine.docx. If nothing is present in configuration file, then FINAL_FILTER logic is followed. ParFactor and NonParFactor (see below) ARE NOT considered in SavedAmount calculation when FINAL_FILTER logic is used.
A35: ParFactor | B35: Positive number, decimal permitted (e.g. 1.0) | C35: default behavior is 0 | D35: Multiplier used in the "GetPaidAmount" logic when the editingType is "PREVIEW". If the ClaimLine.ProviderParFlag is Y, then this value is used with the ClaimLine.BilledAmount to determine the "estimated" PaidAmount. | I35: Engine Level | J35: CREngine | K35: See comment about 'editingType'- this is parameter is not referenced when FINAL_FILTER logic is used. Additional detail about calculating the SavedAmount can be found at: http://mhssp.mckesson.com/Projects/cxt50/tsteam/Developer%20Technical%20Docs/Rule%20Engine/Calculation%20of%20SavedAmount%20on%20CaseLine.docx
A36: NonParFactor | B36: Positive number, decimal permitted (e.g. 1.0) | C36: default behavior is 0 | D36: Multiplier used in the "GetPaidAmount" logic when the editingType is "PREVIEW". If the ClaimLine.ProviderParFlag is N, then this value is used with the ClaimLine.BilledAmount to determine the "estimated" PaidAmount. | I36: Engine Level | J36: CREngine | K36: See comment about 'editingType'- this is parameter is not referenced when FINAL_FILTER logic is used. Additional detail about calculating the SavedAmount can be found at: http://mhssp.mckesson.com/Projects/cxt50/tsteam/Developer%20Technical%20Docs/Rule%20Engine/Calculation%20of%20SavedAmount%20on%20CaseLine.docx
A37: keyword_definition_category | B37: Empty or Dictionary Category name | C37: default value for the key upon installation is empty but the default dictionary category name when using the functionality can be set to KEYWORD_DEFINITION | D37: If multiple data elements need to meet the same condition, the list of data elements will need to be added to a new category called “KEYWORD_DEFINITION”. The keywords can be referenced from all categories that use field names in their defined structure/syntax including ALL_EXCLUSIONS and COMPARE_EXCLUSIONS. | E37: KEYWORD_DEFINITION | F37: KEYWORD_DEFINITION | G37: KEYWORD_DEFINITION | I37: Engine Level | J37: CREngine | K37: Implemented for 5.2
A38: check_continue_only_category | B38: Empty or Dictionary Category name | C38: default value for the key upon installation is empty but the default dictionary category name when using the functionality can be set to CHECK_CONTINUE_ONLY | D38: Continue is a method to increase the number of fields included in evaluating a claim against the dictionary category record's entry. The categories using the CONTINUE functionality can undergo syntax checking during Rule Engine startup. To achieve this, a new dictionary category CHECK_CONTINUE_ONLY is created that will contain a list of all categories utilizing the Continue indicator without operators. | E38: CHECK_CONTINUE_ONLY | F38: CHECK_CONTINUE_ONLY | G38: CHECK_CONTINUE_ONLY | I38: Engine Level | J38: CREngine | K38: Implemented for 5.2
A39: check_syntax_category | B39: Empty or Dictionary Category name | C39: default value for the key upon installation is empty but the default dictionary category name when using the functionality can be set to CHECK_SYNTAX | D39: All_Exclusions-like operator functionality will now be available to all rules. Non-AE Categories will have to adhere to the All_Exclusions data structure , support multiple data elements, support operators, and support syntax checking. These non-AE categories will have to undergo similar AE syntax checking during rule engine startup. To achieve syntax checking, a new dictionary category, CHECK_SYNTAX, will be created that will contain a list of all categories that are utilizing the operator functionality. During startup, the rule engine will validate syntax of all categories found in the CHECK_SYNTAX category. | E39: CHECK_SYNTAX | F39: CHECK_SYNTAX | G39: CHECK_SYNTAX | I39: Engine Level | J39: CREngine | K39: Implemented for 5.2

Sheet (STM) Effective 04.29.22
A1: PMM Version | B1: State | C1: Release/Upgrade Date
A2: 2 | B2: AZ | C2: April 2022 Rlease
A3: 2 | B3: CA | C3: June 2025
A4: 2 | B4: FL | C4: GA
A5: 2 | B5: IL | C5: April 2022 Rlease
A6: 2 | B6: KS | C6: April 2022 Rlease
A7: 2 | B7: KY | C7: April 2022 Rlease
A8: 2 | B8: LA | C8: GA
A9: 1 | B9: MA
A10: 2 | B10: MD | C10: April 2022 Rlease
A11: 2 | B11: MI | C11: GA
A12: 2 | B12: MS | C12: GA
A13: 2 | B13: NJ | C13: April 2022 Rlease
A14: 2 | B14: NY | C14: June 2025
A15: 2 | B15: OH | C15: April 2022 Rlease
A16: 2 | B16: PA | C16: GA
A17: 2 | B17: SC | C17: GA
A18: 2 | B18: TX | C18: April 2022 Rlease
A19: 2 | B19: VA | C19: April 2022 Rlease
A20: 2 | B20: WA | C20: GA
A21: 2 | B21: WVA | C21: April 2022 Rlease
... A24: 2 | B24: NE | C24: GA

Sheet PROVIDER_MATCHING OPTIONS
A1: Flexible Provider Analysis Keyword Variation and Descriptions
A2: Keyword Variation | B2: Field Description | C2: Data Map Field Name
A3: PROV_ID | B3: ProviderId | C3: Line_ProviderId
A4: PROV_NPI | B4: ProviderNpi | C4: Line_ProviderNpi
A5: PROV_FTIN | B5: ProviderFtin | C5: Line_ ProviderFtin
A6: BNPI_ANY_SPEC | B6: BillingProviderNpi and ANY ProviderSpecialty X* | C6: Claim_BillingProviderNpi, Line_ProviderSpecialty1,2,3
A7: BNPI_ALL_SPEC | B7: BillingProviderNpi and ALL ProviderSpecialty X* | C7: Claim_BillingProviderNpi, Line_ProviderSpecialty1,2,3
A8: BNPI_SPEC1 | B8: BillingProviderNpi, and ProviderSpeciality1 | C8: Claim_BillingProviderNpi, Line_ProviderSpecialty1
A9: BILLING_NPI | B9: BillingProviderNpi | C9: Claim_BillingProviderNpi
A10: PROV_NET | B10: ProviderNetworkCode | C10: Line_ProviderNetworkCode
A11: FTIN_ANY_SPEC | B11: ProviderFtin and ANY ProviderSpecialty X* | C11: Line_ ProviderFtin, Line_ProviderSpecialty1,2,3
A12: FTIN_ALL_SPEC | B12: ProviderFtin and ALL ProviderSpecialty X* | C12: Line_ ProviderFtin, Line_ProviderSpecialty1,2,3
A13: FTIN_SPEC1 | B13: ProviderFtin and ProviderSpecialty1 | C13: Line_ ProviderFtin, Line_ProviderSpecialty1
... A25: BPROV_ID | B25: Claim_BillingProviderId | C25: Claim_BillingProviderId
